7.14,8.61,8.01,78.58,12.11,35.4,10.94,3.1,7.68,4.31,1.28,19.5,10,0.41,1680,500,390,160,20,2,62,42,76,19,11,10,47,52,0,0,0,0,0,0,0
8.8,9.54,9.01,67.2,12.48,37.58,11.24,3.52,8.19,4.47,1.41,19.78,11.5,0.33,2036,643,455,148,23,2,81,52,103,13,8,14,50,54,10,0,0,0,0,0,0
10.26,12.02,8.64,67.64,15.77,45.53,13.25,5.08,9.19,4.35,1.33,25.92,6,0.59,1353,415,311,182,12,2,61,42,84,3,3,9,41,38,1,0,0,0,0,0,0
3.88,3.84,6.4,85.78,8.29,25.71,8.68,1.59,7.58,4.26,1.31,10.41,13.5,0.59,1197,367,281,165,27,2,43,29,61,15,8,13,34,29,3,0,0,0,0,0,0
4.95,4.99,5,89.24,9.87,28.67,9.32,2,6.52,3.84,1.19,16.67,3,0.61,384,119,100,61,6,2,12,8,13,7,6,4,23,9,0,1,0,0,0,0,0
4.33,4.59,6.37,86.85,9.61,28.08,9.56,1.96,7.43,4.16,1.26,12.83,11.5,0.53,1228,373,295,156,23,2,45,33,59,16,25,4,36,34,2,0,0,0,0,0,0
9.56,11.82,7.76,74.64,13.93,39.76,10.96,3.44,8.81,4.19,1.24,27,4.5,0.58,1019,301,243,140,9,2,31,19,59,6,6,17,18,35,0,0,0,0,0,0,0
6.09,6.22,7.9,76.21,9.78,33.42,9.63,2.71,8.62,4.39,1.38,13.93,14,0.49,1713,537,390,190,28,2,76,41,106,17,2,15,42,53,5,0,0,0,0,0,0
4.08,4.7,5.78,91.46,8.33,26.9,8.27,1.8,8.05,4.02,1.19,14.4,20,0.42,2315,686,576,241,40,2,72,37,135,16,12,21,78,76,1,0,0,0,0,0,0
7.01,7.73,8.82,73.16,11.03,36.86,10.46,3.33,8.44,4.5,1.39,15.9,10.5,0.5,1504,464,334,166,21,2,70,39,85,14,10,10,30,41,11,0,0,0,0,0,0
4.94,7.39,8.55,87.42,8.45,32.21,8.09,2.59,8.14,4.46,1.22,15.59,11,0.39,1531,420,343,133,22,2,57,19,81,14,15,17,39,48,0,0,0,0,0,0,0
6.19,7.68,8.11,81.26,10.66,37.45,9.99,3.48,9.16,4.36,1.28,17.15,13.5,0.51,2019,592,463,238,27,2,94,44,137,20,8,19,50,57,3,0,0,0,0,0,0
6.87,8.24,9.84,72.76,11.98,38.6,11.2,3.55,8.88,4.69,1.4,15.14,7.25,0.53,2060,616,439,233,29,4,103,65,125,17,12,11,38,66,6,0,0,0,0,0,0
7.8,8.01,9.05,67.83,12.65,38.61,11.66,3.62,8.97,4.54,1.45,16.12,8,0.5,1171,374,258,130,16,2,58,40,74,10,8,8,37,35,5,0,0,0,0,0,0
6.98,7.15,9.67,67.42,11.96,35.87,11.08,2.93,8.97,4.73,1.5,12.57,14,0.54,1666,527,352,189,28,2,82,61,105,17,13,14,33,34,6,0,0,0,0,0,0
5.93,6.37,8.31,76.43,10.16,28.06,9.94,1.96,7.58,4.48,1.38,13.43,14,0.48,1683,519,376,181,28,2,55,45,78,20,20,20,52,29,2,0,0,0,0,0,0
6.98,8.21,7.2,80.79,10.69,35.44,9.32,3.08,7.45,4.16,1.25,20.08,6,0.53,1003,301,241,127,12,2,37,16,43,6,8,12,39,29,2,0,0,0,0,0,0
7.16,8.63,7.31,80.79,11.15,34.67,9.64,2.88,8.01,4.17,1.24,20.82,8.5,0.53,1477,439,354,186,17,2,49,25,75,13,7,30,50,37,3,0,0,0,0,0,0
6.97,8.32,7.35,80.79,12.48,35.96,11.19,3.19,8.12,4.19,1.25,20.05,10.5,0.46,1763,526,421,195,21,2,67,47,93,7,17,12,47,54,3,0,0,0,0,0,0
6.88,8.42,7.19,82.34,10.66,33.63,9.12,2.69,7.63,4.16,1.22,20.56,8,0.53,1367,403,329,174,16,2,43,20,62,17,5,13,34,45,0,0,0,0,0,0,0
5.02,6.51,8.41,83.26,9.45,33.99,9.4,2.77,8.8,4.49,1.3,13.59,11,0.6,1342,388,299,180,22,2,61,30,85,14,9,8,20,36,4,0,0,0,0,0,0
7.47,8.51,6.88,79.5,12.48,36.38,10.95,3.21,8.28,4.09,1.25,21.32,9.5,0.44,1658,506,405,179,19,2,61,40,92,10,7,29,55,56,3,0,0,0,0,0,0
5.84,6.55,8.01,79.13,9.95,32.16,9.71,2.56,8.97,4.39,1.33,14.56,8,0.48,1024,311,233,113,16,2,41,24,68,6,7,10,24,23,1,0,0,0,0,0,0
7.32,7.74,7.9,74.06,11.7,35.68,10.83,3.18,8.41,4.32,1.36,17.68,11,0.49,1679,528,389,192,22,2,70,45,96,23,5,20,39,42,5,0,0,0,0,0,0
5.44,6.83,7.47,85.15,9.49,32.4,9.02,2.62,7.99,4.27,1.24,16.33,12,0.45,1672,487,392,177,24,2,63,29,88,10,16,12,54,49,6,0,0,0,0,0,0
9.37,11.84,8.49,73.8,13.53,41.02,10.88,3.93,9.51,4.33,1.26,25.79,7,0.43,1562,456,361,154,14,2,55,29,105,7,6,7,50,50,1,0,0,0,0,0,0
5.94,6.9,7.31,82.41,9.56,33.81,8.98,2.86,8.14,4.23,1.27,16.81,10.5,0.51,1493,448,353,181,21,2,60,25,82,21,6,12,48,51,3,0,0,0,0,0,0
4.85,5.74,8.03,82.26,9.37,32.4,9.41,2.47,8.36,4.46,1.32,12.32,9.5,0.58,1044,310,234,135,19,2,47,26,61,5,6,6,41,28,5,0,0,0,0,0,0
7.35,8.98,7.93,78.82,11.25,36.19,9.85,3.22,8.34,4.28,1.27,20.48,11.5,0.47,2017,597,471,223,23,2,74,36,110,16,7,23,61,59,1,0,0,0,0,0,0
9.81,11.61,8.48,69.81,14.47,42.84,12.08,4.44,8.48,4.33,1.32,25.31,8,0.5,1753,533,405,201,16,2,71,44,92,21,19,17,59,41,1,0,0,0,0,0,0
6.26,7.54,7.52,82.13,10.04,30.68,9.21,2.29,8.17,4.25,1.26,17.93,7,0.52,1066,316,251,131,14,2,32,18,58,8,10,7,31,27,5,0,0,0,0,0,0
10.93,13.36,8.98,66.91,15.25,45.93,12.17,5,7.95,4.39,1.32,28.2,5,0.43,1239,371,282,121,10,2,50,28,52,8,5,15,27,30,0,0,0,0,0,0,0
6.72,8.26,9.15,76.35,11.45,37.14,10.75,3.41,9.17,4.55,1.34,16.53,16,0.49,2406,711,529,261,32,2,109,64,158,32,17,25,54,56,7,0,0,0,0,0,0
8.17,10.26,7.92,78.07,13.17,39.73,11.19,3.82,8.61,4.25,1.24,23.35,8.5,0.53,1687,493,397,210,17,2,65,38,96,15,9,15,54,47,0,0,0,0,0,0,0
7.2,7.96,11.35,62.94,10.37,38.33,10.01,3,9.6,5.08,1.57,10.96,12.5,0.6,1391,430,274,165,25,2,75,41,94,13,5,7,22,33,2,0,0,0,0,0,0
7.69,9.39,8.13,77.4,12.37,37.77,10.9,3.52,8.88,4.31,1.28,21.04,12.5,0.47,2267,672,526,249,25,2,88,52,140,7,10,23,76,37,6,0,0,0,0,0,0
6.61,8.46,8.17,81.26,11.93,37.59,10.87,3.53,9.04,4.34,1.26,18.87,7.5,0.57,1229,356,283,160,15,2,53,31,80,11,3,16,23,35,0,0,0,0,0,0,0
3.56,4.43,7.45,86.41,8.01,25.66,8.48,1.53,8.55,4.49,1.31,9.47,7.5,0.64,637,186,142,91,15,2,23,15,40,7,0,4,21,19,1,0,0,0,0,0,0
8.59,10.52,10.15,69,13.88,43.62,12.4,4.72,9.33,4.67,1.39,19.94,9,0.53,1675,499,359,192,18,2,85,53,107,16,12,16,42,39,7,0,0,0,0,0,0
6.58,7.78,9.31,74.65,10.65,36.7,10.23,3.26,9.02,4.61,1.38,15.03,19.5,0.45,2699,810,586,262,39,2,127,68,172,43,15,16,65,56,3,0,0,0,0,0,0
11.17,13.01,9.04,63.72,16.02,47.14,13.2,5.41,8.9,4.41,1.36,27.35,8.5,0.51,2050,634,465,236,17,2,92,59,115,20,11,21,59,54,11,0,0,0,0,0,0
4.42,4.37,5.86,87.14,9.06,28.33,9.1,2,7.23,4.06,1.25,13.36,12.5,0.5,1356,419,334,166,25,2,50,31,62,15,11,10,48,33,0,0,0,0,0,0,0
4.82,5.71,6.93,86.53,8.8,27.4,8.69,1.87,7.8,4.21,1.25,14.61,19,0.44,2337,692,555,244,38,2,71,41,121,15,20,21,57,67,1,0,0,0,0,0,0
4.43,5.33,6.85,87.87,8.77,28.58,8.8,2.04,8.26,4.22,1.24,13.8,12.5,0.51,1455,428,345,175,25,2,51,28,86,8,13,9,54,45,3,0,0,0,0,0,0
5.9,6.41,7.23,80.87,10.69,31.91,10.2,2.55,7.65,4.24,1.3,15.77,11,0.43,1470,451,347,149,22,2,56,38,71,14,16,13,51,39,2,0,0,0,0,0,0
6.72,7.79,6.55,83,12.06,35.37,10.75,3.06,7.89,4.05,1.22,20.29,8.5,0.49,1397,421,345,169,17,2,52,34,71,10,7,14,67,35,2,0,0,0,0,0,0
6.3,7.12,7.77,79.27,10.77,34.35,10.19,2.94,8.13,4.31,1.31,16.47,18,0.42,2558,777,593,248,36,2,106,62,138,27,17,22,78,61,3,1,0,0,0,0,0
4.32,5.17,7.6,84.87,8.57,30.59,8.84,2.21,8.37,4.41,1.3,11.66,14.5,0.53,1491,440,338,178,29,2,64,33,89,15,18,7,58,35,7,0,0,0,0,0,0
7.74,7.86,10.74,61.21,11.62,39.56,10.85,3.33,9.58,4.93,1.58,12.17,9,0.64,1079,345,219,141,18,2,60,37,74,11,6,5,9,29,3,0,0,0,0,0,0
9.4,9.71,11.94,53.66,14.56,44.81,12.77,4.41,10.12,5.06,1.64,14.59,11,0.53,1625,525,321,169,22,2,97,70,117,16,2,13,23,46,15,0,0,0,0,0,0
5.17,5.93,6.14,87.79,9.3,28.68,8.72,2,8.41,4.03,1.21,16.73,5.5,0.49,742,222,184,91,11,2,22,12,46,5,13,9,22,23,0,0,0,0,0,0,0
8.5,10.67,7.07,79.92,13.4,39.05,10.75,3.43,8.11,4.09,1.19,25.71,7,0.49,1471,429,360,175,14,2,48,28,73,12,7,14,60,39,1,0,0,0,0,0,0
6.11,7.29,9,76.92,9.8,37.44,9.61,3.32,8.73,4.57,1.36,14.41,11,0.56,1448,432,317,179,22,2,73,32,88,12,14,10,35,40,5,0,0,0,0,0,0
15.45,19.73,8.06,60.88,20.61,60.44,13.49,7.5,8.4,4.17,1.21,43,3,0.5,1077,312,258,130,6,2,45,22,43,7,9,14,32,39,0,0,0,0,0,0,0
6.42,7.12,8.7,75.02,10.84,33.94,10.4,2.82,7.54,4.51,1.38,14.59,8.5,0.49,1119,343,248,121,17,2,48,31,50,10,10,17,43,26,3,0,0,0,0,0,0
6.15,6.65,9.07,73.33,10.24,32.84,10.01,2.55,8.49,4.63,1.43,12.55,11,0.51,1917,591,414,212,33,3,84,54,111,17,6,11,54,49,8,0,0,0,0,0,0
6.69,6.84,8.12,73.95,10.67,32.9,10.25,2.69,7.99,4.4,1.39,15.06,8,0.59,1061,335,241,141,16,2,43,28,55,9,7,6,37,23,3,0,0,0,0,0,0
3.82,4.78,6.71,90.09,8.4,27.31,8.64,1.85,8.28,4.23,1.23,12.59,17,0.47,1810,526,428,203,34,2,63,36,109,16,6,10,58,57,1,0,0,0,0,0,0
9.64,10.96,10,63.76,13.05,42.05,11.52,4.42,9.43,4.63,1.44,21.21,9.5,0.49,1864,579,403,198,19,2,84,46,121,12,13,9,30,54,5,0,0,0,0,0,0
7.11,9.59,9.07,79.35,11.29,37.69,10.07,3.54,9.5,4.48,1.27,19.79,12,0.56,2130,603,475,264,24,2,85,40,147,18,11,17,48,49,3,0,0,0,0,0,0
8.23,8.55,6.39,75.75,12.5,36.07,10.75,3.07,7.22,4,1.28,22.29,7,0.49,1248,400,312,153,14,2,43,28,49,18,7,17,42,38,4,0,0,0,0,0,0
6.65,8.02,9.35,75.1,10.82,37.89,10.33,3.47,8.84,4.6,1.37,15.55,19,0.5,2719,810,591,298,38,2,132,68,166,26,13,23,80,68,8,0,0,0,0,0,0
4.81,8.01,9.62,87.27,8.33,32.5,8.12,2.62,7.14,4.66,1.23,15,4,0.65,559,148,120,78,8,2,21,7,21,3,7,6,18,12,0,1,0,0,0,0,0
5.11,6.6,8.02,84.55,9.59,33.26,9.4,2.73,8.96,4.39,1.27,14.68,11,0.5,1419,410,323,162,22,2,60,30,94,7,10,10,43,39,1,0,0,0,0,0,0
6.95,9.18,8.78,79.79,11.16,37.78,10.04,3.57,8.35,4.44,1.27,19.39,11.5,0.46,1980,566,446,204,23,2,82,38,106,14,11,16,55,63,7,1,0,0,0,0,0
7.33,8.36,8.78,73.65,12.43,36.07,11.44,3.25,8.11,4.47,1.36,17.5,8,0.51,1251,382,280,144,16,2,52,38,64,2,14,15,32,30,2,0,0,0,0,0,0
7.38,9.66,10.08,74.39,12.43,41.16,11.39,4.17,9.01,4.68,1.35,18.09,11.5,0.56,1947,561,416,233,23,2,96,54,118,18,4,10,27,61,4,0,0,0,0,0,0
5.7,6.08,6.66,82.87,10.82,29.7,10.27,2.19,7.75,4.13,1.27,16.1,10.5,0.38,1397,430,338,129,21,2,46,37,71,19,9,8,35,54,5,0,0,0,0,0,0
6.57,7.91,8.66,77.63,12.01,36.99,11.17,3.39,8.78,4.46,1.33,16.65,15.5,0.48,2303,685,516,247,31,2,105,69,141,22,6,24,37,60,7,0,0,0,0,0,0
7.84,10.32,9.58,75.42,11.85,39.17,10.49,3.83,9.81,4.56,1.31,20.52,11.5,0.48,2153,617,472,227,23,2,88,43,154,16,9,8,60,54,3,0,0,0,0,0,0
5.85,8.7,8.22,87.54,10.95,32.55,9.83,2.56,10.04,4.34,1.18,19.33,4.5,0.6,756,205,174,104,9,2,23,14,60,9,3,9,21,17,1,0,0,0,0,0,0
3.99,4.15,4.88,92.82,9.03,26.56,8.87,1.74,6.7,3.86,1.17,14.81,13.5,0.35,1543,468,400,140,27,2,47,31,59,12,24,9,80,47,4,0,0,0,0,0,0
6.98,8.15,8.13,77.5,11.39,34.92,10.49,3.04,7.93,4.35,1.31,18.22,11.5,0.52,1821,549,419,217,23,2,70,43,90,6,13,25,53,60,2,0,0,0,0,0,0
5.57,6.03,7.9,79.08,10.03,30.65,9.85,2.31,8.05,4.4,1.35,13.44,8,0.6,947,290,215,130,16,2,37,25,51,7,10,8,33,24,1,0,0,0,0,0,0
0.06,3.82,7.05,108.64,6.02,21.13,7.12,1.04,10.74,4.52,1.07,7.87,11.5,0.51,819,193,181,92,23,2,24,13,77,0,13,9,13,11,1,0,0,0,0,0,0
5.01,5.42,7.44,81.85,8.65,27.92,8.83,1.93,6.79,4.35,1.32,12.73,15,0.37,1661,506,382,140,30,2,58,34,61,16,20,11,39,57,8,0,0,0,0,0,0
3.76,5.34,6.16,95.22,8.41,29.41,8.14,2.16,7.5,4.07,1.14,15.24,12.5,0.43,1549,433,381,162,25,2,54,22,75,14,19,22,61,41,1,0,0,0,0,0,0
3.03,3.82,6.37,91.91,8.65,25.77,8.92,1.6,7.84,4.25,1.23,10.43,15,0.52,1331,386,313,163,30,2,48,35,73,13,13,6,36,34,1,0,0,0,0,0,0
6.81,9.1,10.78,73.64,12.78,41.05,11.75,3.95,9.32,4.85,1.39,15.4,10,0.56,1493,428,308,173,20,2,79,51,96,10,10,4,34,37,3,0,0,0,0,0,0
6.43,7.78,6.35,85.71,11.2,32.66,9.75,2.48,7.75,4.01,1.18,20.64,12.5,0.42,2070,611,516,219,25,2,62,38,101,22,6,25,59,69,3,0,0,0,0,0,0
5.17,5.63,6.87,83.89,10.3,28.66,10,2.05,7.56,4.2,1.28,14.53,9.5,0.57,1160,353,276,158,19,2,39,31,56,12,12,12,31,38,1,0,0,0,0,0,0
7.18,8.31,8.98,73.88,13.27,39.06,12.08,3.75,8.81,4.51,1.37,17,6,0.54,920,279,204,111,12,2,45,33,56,6,2,6,22,18,5,0,0,0,0,0,0
7.62,9.72,6.13,85.52,12.49,39.92,9.71,3.7,8.32,3.93,1.13,25.3,5,0.45,994,286,253,114,10,2,37,15,55,13,9,10,39,30,0,0,0,0,0,0,0
6.81,8.63,8.5,79.45,11.26,38.89,10.3,3.77,9.04,4.4,1.28,18.65,15.5,0.44,2545,741,578,257,31,2,117,55,164,12,21,20,72,73,6,0,0,0,0,0,0
4.89,7.18,9.01,85.19,11.31,33.89,10.75,2.79,8.67,4.58,1.27,14.12,12,0.46,1551,430,339,155,24,2,67,48,93,16,9,4,32,37,1,0,0,0,0,0,0
4.53,6.9,8.82,87.1,9.38,29.1,9.32,2.11,8.01,4.55,1.25,13.78,9,0.5,1129,310,248,125,18,2,38,24,58,4,11,7,39,25,0,0,0,0,0,0,0
4.08,4.98,6.33,90.67,8.82,27.66,8.82,1.91,7.58,4.12,1.21,13.96,11.5,0.47,1324,387,321,151,23,2,44,26,66,5,7,13,40,42,3,0,0,0,0,0,0
6.96,7.76,7.12,79.34,10.54,35.15,9.42,3.06,7.26,4.16,1.28,19.19,8,0.47,1277,392,307,143,16,2,49,22,52,10,14,9,40,40,1,0,0,0,0,0,0
6.19,8.13,6.65,87.88,11.94,34.65,10.5,2.88,8.17,4.06,1.16,20.88,2.67,0.56,678,193,167,93,8,3,23,15,37,5,5,7,18,26,0,0,0,0,0,0,0
5.98,6.96,8.81,77.05,10.09,31.36,9.87,2.43,8.15,4.55,1.37,13.94,17.5,0.42,2219,667,488,205,35,2,85,55,118,22,8,13,56,53,2,0,0,0,0,0,0
7.79,8.57,7.77,74.6,11.57,36.22,10.35,3.25,8.2,4.26,1.32,19.85,10,0.49,1692,526,397,194,20,2,65,36,90,11,6,7,62,60,7,0,0,0,0,0,0
5.46,6.77,7.36,85.16,10.46,34.2,9.93,2.92,8.19,4.25,1.24,16.4,12.5,0.46,1741,509,410,190,25,2,73,40,97,16,15,21,53,49,0,0,0,0,0,0,0
5.64,6.62,6.52,86.06,10.73,33.84,9.97,2.86,8.43,4.08,1.22,17.67,10.5,0.43,1514,451,371,158,21,2,60,34,92,8,7,10,57,39,0,0,0,0,0,0,0
8.78,10.74,5.16,83.96,13.2,35.56,8.81,1.88,7.72,3.74,1.1,29.12,4,0.49,871,257,233,115,8,2,15,9,39,4,14,15,33,26,0,0,0,0,0,0,0
7.07,7.15,9.19,68.71,11.91,38.56,11.12,3.4,8.94,4.62,1.47,13.65,10,0.6,1261,401,273,165,20,2,68,44,80,15,3,11,25,28,4,0,0,0,0,0,0
5.75,6.1,6.67,82.52,10.04,30.24,9.59,2.28,7.78,4.13,1.28,16.1,14.5,0.38,1931,596,467,179,29,2,66,42,99,14,14,13,84,69,8,0,0,0,0,0,0
9.4,10.78,10.18,64.13,14.32,41.69,12.7,4.34,8.67,4.66,1.44,20.48,14.5,0.45,2771,856,594,265,29,2,126,91,151,39,3,29,71,72,4,0,0,0,0,0,0
6.62,7.19,7.18,79.2,11.79,34.18,10.91,2.92,7.41,4.19,1.3,17.75,6,0.51,893,276,213,108,12,2,35,25,39,9,7,14,27,26,1,0,0,0,0,0,0
6.89,7.29,6.85,78.74,10.98,34.73,10.03,3,7.76,4.12,1.29,18.59,8.5,0.54,1303,408,316,170,17,2,51,28,64,7,5,13,29,40,2,0,0,0,0,0,0
4.43,7.29,8.46,90.91,9.52,35.96,9.21,3.17,9.67,4.45,1.18,15.51,17.5,0.42,2417,643,543,227,35,2,111,45,181,22,9,9,49,79,4,0,0,0,0,0,0
7.61,9.09,8.92,74.22,12.58,40.84,11.43,4.15,8.59,4.47,1.34,18.93,13.5,0.5,2284,685,511,254,27,2,112,64,130,19,12,20,57,73,7,0,0,0,0,0,0
7.13,9.14,9.66,75.35,11.59,36.37,10.75,3.3,9.41,4.62,1.34,17.65,11.5,0.51,1874,545,406,207,23,2,76,46,126,6,5,22,21,66,0,0,0,0,0,0,0
8.4,8.27,7.56,69.7,13.05,38.59,11.76,3.72,8.24,4.23,1.39,19.56,9,0.47,1489,488,352,166,18,2,67,46,81,15,13,8,49,43,8,0,0,0,0,0,0
4.75,5.72,8.26,81.87,7.9,30.8,8.31,2.24,7.87,4.52,1.34,11.71,8.5,0.56,900,266,199,111,17,2,38,16,46,15,4,14,21,25,1,0,0,0,0,0,0
5.55,6.57,8.21,80.53,10.22,37.15,9.96,3.26,9.4,4.44,1.32,14.19,15.5,0.48,1953,582,440,212,31,2,101,50,141,15,12,12,67,59,6,0,0,0,0,0,0
6.65,7.1,8.83,72.79,11.02,36.4,10.54,3.16,8.01,4.54,1.41,14.26,9.5,0.48,1231,383,271,130,19,2,60,36,63,14,12,3,37,30,4,0,0,0,0,0,0
4.65,6.42,8.72,84.28,8.86,34.76,9,2.8,8.65,4.57,1.3,12.68,12.5,0.51,1448,411,317,161,25,2,70,30,88,8,9,11,27,44,0,0,0,0,0,0,0
7.91,9.42,6.86,79.96,12.34,35.67,10.25,2.88,7.67,4.07,1.22,23.38,4,0.52,761,228,187,97,8,2,23,14,34,6,7,8,20,29,0,0,0,0,0,0,0
4.85,5.87,6.73,87.78,9.63,31.48,9.32,2.48,7.52,4.16,1.22,15.43,10.5,0.43,1347,396,324,139,21,2,52,28,64,8,8,18,42,42,1,0,0,0,0,0,0
3.83,5.33,8.41,85.44,8.2,30,8.61,2,8.47,4.62,1.31,10,10,0.61,924,263,200,122,20,2,40,21,55,11,1,6,18,23,1,0,0,0,0,0,0
4.99,4.91,5.33,87.46,9.4,27.56,9.04,1.86,7.56,3.91,1.22,15.82,14,0.41,1733,541,443,183,28,2,52,34,88,14,27,18,57,52,7,0,0,0,0,0,0
5.64,6.43,7.79,80.86,9.26,29.94,9.1,2.24,8.96,4.35,1.31,14.72,12.5,0.47,1602,483,368,174,25,2,56,31,107,12,4,21,59,43,5,0,0,0,0,0,0
4.56,4.47,7.16,81.08,8.15,29.21,8.57,1.96,8.62,4.38,1.36,10.5,14,0.59,1289,400,294,173,28,2,55,29,83,21,9,5,19,42,1,0,0,0,0,0,0
5.47,6.42,6.66,85.97,10.1,31.16,9.5,2.41,7.06,4.12,1.23,16.91,11,0.35,1532,456,372,129,22,2,53,31,61,13,11,20,58,53,1,1,0,0,0,0,0
5.82,6.77,7.59,81.81,11.31,34.98,10.68,3.04,8.31,4.29,1.29,15.96,14,0.47,1919,575,447,208,28,2,85,55,110,12,14,16,73,51,3,0,0,0,0,0,0
6.36,6.28,7.11,77.44,9.92,32.76,9.55,2.68,8.08,4.22,1.34,15.71,14,0.49,1855,590,440,216,28,2,75,40,102,19,11,35,38,57,3,0,0,0,0,0,0
5.46,5.88,6.89,82.84,9.4,30.11,9.16,2.27,7.8,4.19,1.28,15.13,15,0.42,1903,583,454,189,30,2,68,38,98,17,16,21,73,47,4,0,0,0,0,0,0
5.23,6.49,8.49,81.35,8.97,33.05,9.03,2.63,7.84,4.51,1.32,13.37,9.5,0.58,1145,336,254,147,19,2,50,23,57,6,13,7,28,29,3,0,0,0,0,0,0
5.08,5.48,6.9,83.73,10.03,34.01,9.82,2.81,8.35,4.22,1.29,14.1,15.5,0.42,1843,562,437,185,31,2,87,48,111,3,14,22,72,52,7,0,0,0,0,0,0
8.76,10.04,8.3,71.83,13.53,41.4,11.8,4.26,8.97,4.32,1.33,22.21,9.5,0.48,1825,561,422,204,19,2,81,49,113,8,15,18,52,57,6,0,0,0,0,0,0
7.4,8.69,10.62,68.15,11.87,38.66,11.12,3.52,8.84,4.84,1.46,14.68,12.5,0.49,1775,537,367,181,25,2,88,55,104,14,7,12,28,51,7,0,0,0,0,0,0
7.59,8.59,8.35,74.15,12.59,38.61,11.45,3.72,8.65,4.38,1.34,18.83,14.5,0.4,2389,733,546,216,29,2,108,69,141,19,6,26,53,72,13,0,0,0,0,0,0
7.29,8.83,8.01,78.44,13.19,39.63,11.82,3.93,8.46,4.3,1.28,20,13.5,0.3,2323,690,540,163,27,2,106,70,131,24,1,21,67,63,1,0,0,0,0,0,0
4.65,4.87,7.44,81.5,8.76,29.72,9,2.07,8.12,4.41,1.35,11.1,15,0.5,1467,449,333,167,30,2,62,36,83,6,10,11,50,39,3,0,0,0,0,0,0
4.38,8.37,11.41,85.18,10.11,38.26,9.92,3.16,10.28,5.04,1.29,12.08,18.5,0.56,2255,578,447,251,37,2,117,59,171,17,6,17,44,41,8,0,0,0,0,0,0
5.59,6.88,6.68,87.01,10.13,30.69,9.3,2.29,7.38,4.1,1.2,17.96,14,0.35,2064,604,503,178,28,2,64,37,91,19,10,24,75,64,2,0,0,0,0,0,0
5.8,8.44,6.58,92.12,11.66,36.59,9.96,3.23,8.74,4.04,1.1,21.69,6.5,0.48,1139,309,282,134,13,2,42,21,72,5,3,15,40,40,3,0,0,0,0,0,0
9.35,9.53,9.89,60.4,14.22,41.06,12.73,4.16,7.97,4.65,1.51,18.16,9.5,0.46,1603,522,345,160,19,2,79,60,75,13,13,13,41,50,12,0,0,0,0,0,0
9.06,9.02,11.32,55.19,13.29,40.63,11.99,3.74,9.35,4.97,1.62,14.09,11.5,0.55,1610,526,324,177,23,2,86,62,103,10,13,6,12,52,15,0,0,0,0,0,0
7.25,9.6,10.15,74.83,11.88,39.28,10.97,3.82,9.84,4.7,1.35,17.82,8.5,0.49,1423,408,303,149,17,2,65,36,102,13,7,12,24,35,11,0,0,0,0,0,0
10.65,12.87,9.89,64.31,15.14,45.65,12.7,5.13,8.81,4.57,1.38,25.6,7.5,0.46,1753,529,384,175,15,2,77,47,95,12,11,24,40,47,2,0,0,0,0,0,0
9.56,10.85,10.12,63.46,13.12,42.44,11.66,4.5,8.66,4.65,1.45,20.75,2,0.75,386,120,83,62,4,2,18,10,21,1,5,3,4,10,1,0,0,0,0,0,0
7.21,8.11,10.23,68.31,13.36,36.45,12.02,3.14,8.84,4.79,1.47,14,3.5,0.61,469,144,98,60,7,2,22,19,28,7,0,6,5,10,1,0,0,0,0,0,0
2.4,6.56,8.12,103.45,7.53,28.29,7.39,2,7.57,4.42,1.05,14.36,7,0.45,888,211,201,90,14,2,28,9,41,2,14,6,34,16,1,0,0,0,0,0,0
5.69,5.93,7.91,77.66,9.47,28.36,9.45,2,7.57,4.42,1.37,13.12,13,0.45,1506,467,341,152,26,2,52,36,71,11,5,12,36,43,6,0,0,0,0,0,0
3.54,4.31,6.06,92.33,6.84,20.58,7.08,1,8.06,4.11,1.2,12.72,9,0.41,942,275,229,94,18,2,18,10,55,14,8,1,26,32,2,0,0,0,0,0,0
6.29,6.84,7.46,79.14,10.06,30.12,9.57,2.25,7.82,4.26,1.31,16.38,8,0.6,1117,344,262,158,16,2,36,23,56,14,10,14,21,33,1,0,0,0,0,0,0
6.49,7.28,7.26,80.23,10.7,33.2,9.91,2.74,7.34,4.2,1.28,17.81,13.5,0.47,2022,617,481,226,27,2,74,43,86,20,16,21,76,58,6,0,0,0,0,0,0
7.98,8.92,10.02,67.11,13.11,40.39,11.98,3.94,8.83,4.7,1.45,16.44,16,0.51,2471,765,526,270,32,2,126,86,146,35,7,17,20,87,11,0,0,0,0,0,0
8.59,10.54,10.44,68.13,13.13,43.61,11.83,4.7,9.55,4.72,1.41,19.45,10,0.53,1837,547,389,206,20,2,94,52,122,13,3,13,30,51,2,0,0,0,0,0,0
5.07,5.25,6.56,83.98,10.12,31.06,9.88,2.39,8.08,4.16,1.28,14.18,16.5,0.49,1946,600,468,227,33,2,79,52,111,14,14,17,69,46,3,0,0,0,0,0,0
7.49,8.9,8.19,76.69,11.46,38.11,10.25,3.62,9.6,4.33,1.3,19.83,12,0.52,2063,619,476,249,24,2,87,42,150,21,5,20,48,64,2,0,0,0,0,0,0
5.45,6.65,8.17,81.75,9.13,31.86,9.02,2.52,8.6,4.42,1.3,14.48,14.5,0.39,1858,548,420,162,29,2,73,35,113,10,22,11,47,50,8,0,0,0,0,0,0
6.95,9.11,9.51,77.1,11.79,39.01,10.89,3.78,9.46,4.59,1.32,17.89,13.5,0.46,2215,637,483,220,27,2,102,56,151,6,5,18,31,62,1,0,0,0,0,0,0
2.67,3.61,6.63,91.35,6.48,22.22,7.42,1.17,8.59,4.4,1.26,8.65,11.5,0.65,875,251,199,129,23,2,27,15,57,9,5,9,23,11,0,0,0,0,0,0,0
5.91,8.65,7.71,88.59,11.56,35.04,10.27,3,9.38,4.25,1.16,20.14,10.5,0.5,1797,489,423,210,21,2,63,37,127,22,5,10,59,53,3,0,0,0,0,0,0
4.33,4.62,6.68,85.72,8.29,26.95,8.59,1.8,8.44,4.24,1.29,12.2,12.5,0.49,1292,392,305,150,25,2,45,26,81,6,16,10,32,31,2,0,0,0,0,0,0
4.58,5.65,6.65,89.02,9.94,28.66,9.65,2.05,7.88,4.15,1.21,15.05,10.5,0.52,1312,383,316,164,21,2,43,31,70,17,7,10,45,33,5,0,0,0,0,0,0
5.21,6.18,8.15,81.41,10.45,34.98,10.15,2.88,8.28,4.45,1.32,13.29,8.5,0.53,1006,299,226,120,17,2,49,29,57,9,8,7,26,34,1,0,0,0,0,0,0
5.13,5.53,6.23,86.06,9.37,27.88,9.06,1.92,7.31,4.07,1.24,15.58,18,0.3,2283,696,561,170,36,2,69,44,103,17,21,36,90,61,6,0,0,0,0,0,0
5.05,5.95,6.48,87.6,9.62,29.39,9.19,2.14,7.54,4.1,1.22,16.14,14.5,0.5,1919,569,468,232,29,2,62,37,92,17,18,25,55,60,1,0,0,0,0,0,0
19.47,24.31,7.15,51.36,24.38,68.38,13.72,7.83,8.9,4,1.19,53.83,3,0.36,1291,385,323,115,6,2,47,23,53,20,11,13,38,44,0,0,0,0,0,0,0
4.75,5.19,7.57,81.95,8.21,30.76,8.56,2.24,8.48,4.4,1.33,11.76,17,0.54,1761,534,400,214,34,2,76,35,108,18,9,19,44,41,1,0,0,0,0,0,0
6.01,6.37,7.49,78.94,9.94,31.24,9.64,2.44,7.74,4.29,1.33,15.16,16,0.36,2082,645,485,177,32,2,78,47,103,8,13,13,70,60,2,0,0,0,0,0,0
6.14,6.13,8.41,73.42,10.03,31.89,9.87,2.43,7.85,4.52,1.43,12.57,7,0.56,795,251,176,99,14,2,34,22,40,9,6,8,14,27,1,0,0,0,0,0,0
5.86,7.23,8.49,80.34,9.84,31.14,9.53,2.42,8.13,4.46,1.31,15.31,13,0.47,1775,522,398,187,26,2,63,37,94,13,7,12,62,46,0,0,0,0,0,0,0
6.68,7.87,9.61,73.27,11.5,37.11,10.87,3.29,9.06,4.67,1.4,14.65,15.5,0.54,2118,637,454,244,31,2,102,64,135,23,10,16,30,62,8,0,0,0,0,0,0
9.57,11.71,9.51,68.74,14.76,45.86,12.68,5.25,9.39,4.52,1.35,23.75,4,0.61,858,256,190,115,8,2,42,25,55,10,4,7,21,21,1,0,0,0,0,0,0
6.55,8.23,7.07,84.36,10.81,33.34,9.38,2.64,7.97,4.14,1.2,20.36,7,0.48,1179,343,285,137,14,2,37,19,60,16,7,13,41,37,0,0,0,0,0,0,0
5.81,8.25,9.96,79.96,11.14,38.61,10.61,3.54,9.17,4.72,1.32,14.93,14,0.52,1972,552,418,219,28,2,99,54,127,13,5,13,49,55,6,0,0,0,0,0,0
9.17,10.03,10.62,61.31,14,42.53,12.58,4.41,10.38,4.77,1.5,17.94,8.5,0.49,1456,459,305,149,17,2,75,52,113,10,7,14,29,35,6,0,0,0,0,0,0
5.81,6.67,6.18,86.21,10.43,33.96,9.5,2.86,7.98,4.01,1.2,18.41,11,0.47,1625,488,405,192,22,2,63,31,88,18,10,24,65,36,2,0,0,0,0,0,0
8.86,10.51,10.05,67.32,13.71,39.5,12.25,3.9,9.15,4.65,1.41,20.1,10,0.53,1868,566,402,213,20,2,78,57,115,10,7,24,47,45,12,0,0,0,0,0,0
3.93,4.1,6.48,86.59,8.27,26.22,8.65,1.68,7.64,4.24,1.29,11.06,15.5,0.52,1456,442,343,177,31,2,52,33,75,18,12,8,49,38,4,0,0,0,0,0,0
7.88,9.42,7.73,77.47,10.87,31.76,8.92,2.17,7.85,4.23,1.27,21.83,6,0.52,1109,332,262,137,12,2,26,14,52,9,3,15,46,24,2,0,0,0,0,0,0
6.34,7.1,7.07,81.23,9.75,32,8.94,2.53,8.33,4.17,1.27,17.76,8.5,0.51,1260,384,302,154,17,2,43,20,73,19,11,14,39,23,4,0,0,0,0,0,0
8.55,9.47,8.05,71.84,12.76,41.55,11.22,4.31,8.62,4.29,1.34,21.38,8,0.49,1468,458,342,169,16,2,69,36,85,17,9,13,35,42,1,0,0,0,0,0,0
7.45,8.3,8.29,74.23,12.88,37.68,11.74,3.55,9.02,4.37,1.35,18.27,5.5,0.55,879,271,201,110,11,2,39,28,57,4,3,11,28,27,1,0,0,0,0,0,0
4.71,6.06,6.55,90.28,9.64,33.59,9.18,2.82,8.15,4.11,1.18,16.27,16.5,0.42,2207,635,537,227,33,2,93,42,126,13,9,20,80,78,7,0,0,0,0,1,1
7.59,7.97,9.26,68.44,11.8,37.39,11.06,3.4,9.23,4.59,1.45,15.6,15,0.46,2146,678,468,213,30,2,102,65,143,10,20,9,62,55,2,0,0,0,0,0,0
9.05,11.11,8.26,74.01,13.33,39.71,11.02,3.71,7.88,4.3,1.27,24.62,10.5,0.48,2221,659,517,250,21,2,78,45,99,25,21,14,72,72,4,0,0,0,0,0,0
7.55,9.04,7.65,78.59,11.64,34.9,10.1,2.91,7.98,4.23,1.26,21.14,11,0.45,1965,587,465,210,22,2,64,37,97,13,16,34,70,51,7,0,0,0,0,0,0
8.74,12.13,7.88,81.31,14.24,44.17,11.19,4.59,8.92,4.21,1.15,27.47,8.5,0.48,1966,539,467,224,17,2,78,38,116,17,7,28,67,72,3,0,0,0,0,0,0
8.5,10.06,6.3,79.98,12.69,37.03,9.81,2.91,7.42,3.95,1.19,25.73,5.5,0.44,1119,337,283,124,11,2,32,17,45,8,6,10,50,36,0,0,0,0,0,0,0
5.17,5.59,4.34,92.4,10.84,29.68,9.71,2,6.98,3.69,1.12,19.33,6,0.48,855,260,232,111,12,2,24,18,35,4,5,9,35,27,0,0,0,0,0,0,0
7.83,8.2,10.11,64.73,12.29,40.08,11.4,3.71,9.36,4.75,1.51,14.47,17,0.44,2339,741,492,216,34,2,126,80,156,29,13,17,50,55,9,0,0,0,0,0,0
7.41,9.43,11.39,68.66,13.47,39.67,12.17,3.7,8.59,4.96,1.45,15,5,0.49,744,218,150,74,10,2,37,28,40,3,2,4,18,13,0,0,0,0,0,0,0
28.63,36.13,8.43,24.56,34.41,90.64,18.33,11.33,10.42,4.19,1.25,75.67,3,0.47,1901,566,454,214,6,2,68,47,87,9,13,22,52,61,1,0,0,0,0,0,0
5.26,5.83,7.29,82.64,10.77,32.15,10.36,2.55,7.97,4.28,1.3,14.19,15.5,0.44,1884,571,440,192,31,2,79,56,101,20,12,13,58,49,6,0,0,0,0,0,0
10.71,12.37,12.96,52.18,15.58,50.27,13.66,5.95,10.3,5.15,1.6,19.05,9.5,0.53,1866,579,362,193,19,2,113,72,131,21,12,16,25,41,8,0,0,0,0,0,0
5.17,6.23,4.8,93.52,8.69,28.17,6.27,1.64,7,3.76,1.1,19.93,7,0.48,1048,307,279,134,14,2,23,5,42,9,5,8,54,34,0,0,0,0,0,0,0
4.31,5.14,5.9,91.39,9.23,25.34,8.98,1.54,6.9,4.02,1.18,15.27,13,0.45,1596,469,397,180,26,2,40,31,63,18,19,9,55,51,1,0,0,0,0,0,0
11.22,14.47,7.68,72.96,16.5,46.72,12.15,4.58,8.61,4.15,1.19,32.74,9.5,0.43,2579,740,622,269,19,2,87,53,132,39,14,28,61,84,1,0,0,0,0,0,0
7.26,9.42,7.63,82.22,11.71,36.09,9.93,3.1,7.38,4.21,1.21,22,5,0.6,927,266,220,133,10,2,31,16,37,11,7,15,30,21,1,0,0,0,0,0,0
5.62,7,7.91,83.04,9.43,36.17,9.06,3.22,8.51,4.35,1.27,15.89,4.5,0.62,622,182,143,88,9,2,29,11,37,3,4,6,15,17,1,0,0,0,0,0,0
12.12,14.79,7.74,67.52,17.66,47.63,13.41,4.77,8.39,4.15,1.25,33.31,4.33,0.44,1799,540,433,190,13,3,62,47,85,7,5,24,51,60,0,1,0,0,0,0,0
7.37,10.98,10.93,77.05,12.4,39.77,11.19,3.95,9.03,4.8,1.3,19.57,10.5,0.45,1974,534,411,184,21,2,83,47,115,13,6,18,30,49,2,0,0,0,0,0,0
3.34,4.59,5.79,96.22,7.91,24.38,7.9,1.45,7.53,4.03,1.14,14.1,10,0.56,1136,321,282,158,20,2,29,16,57,11,13,7,27,34,3,0,0,0,0,0,0
7.82,10.48,10.06,74.69,12.01,39.45,10.75,3.89,10.06,4.65,1.32,20.04,13.5,0.54,2515,715,541,292,27,2,105,54,186,10,10,16,37,66,7,0,0,0,0,0,0
6.51,8.24,8.91,78.62,11.4,35.39,10.66,3.12,9.25,4.5,1.31,16.96,12,0.51,1831,534,407,207,24,2,75,47,123,14,8,12,41,47,8,0,0,0,0,0,0
6.9,7.74,7.14,79.59,11.1,35.59,10.04,3.15,7.77,4.16,1.27,19.1,10,0.55,1591,487,382,210,20,2,63,33,77,14,14,12,53,54,4,1,0,0,0,0,0
4.23,5,7.42,85.33,7.25,29.55,7.77,2.08,7.76,4.38,1.3,11.56,12.5,0.5,1267,375,289,144,25,2,52,19,65,22,10,14,26,38,2,0,0,0,0,0,0
4.1,3.29,4.34,90.06,8.77,27.08,8.81,1.83,7.1,3.79,1.22,13.71,12,0.53,1248,400,329,174,24,2,44,27,58,15,8,17,32,54,2,0,0,0,0,0,0
9.53,9.81,9.39,61.89,13.49,40.61,12.1,4.12,8.84,4.54,1.48,19.72,12.5,0.5,2238,728,493,248,25,2,103,69,132,24,9,20,49,67,13,0,0,0,0,0,0
10.3,12.59,7.8,72.09,14.43,42.57,11.02,4,9,4.19,1.25,28.57,3.5,0.58,838,250,200,117,7,2,28,15,50,9,5,11,22,21,4,1,0,0,0,0,0
6.39,6.61,6.91,79.33,10.99,33.59,10.32,2.82,8.18,4.16,1.3,16.89,14,0.47,1968,617,473,223,28,2,79,50,111,19,13,18,68,58,3,0,0,0,0,0,0
6.15,6.68,8.66,75.09,10.64,35.7,10.29,3,8.61,4.53,1.39,13.54,13,0.53,1595,491,352,186,26,2,78,46,96,12,7,6,46,54,15,0,0,0,0,0,0
4.66,5.39,7.16,85.3,9.01,28.68,9.07,2.05,7.92,4.28,1.28,13.27,11,0.58,1251,373,292,170,22,2,45,27,67,12,6,9,33,40,4,0,0,0,0,0,0
5.57,5.74,7.54,79.04,10.1,29.1,9.9,2.1,7.35,4.34,1.35,13.41,14.5,0.4,1690,525,389,156,29,2,61,46,75,14,14,10,47,44,6,0,0,0,0,0,0
3.97,3.63,6.15,85.06,8.6,26.31,8.88,1.65,7.19,4.22,1.31,10.38,13,0.37,1139,355,270,99,26,2,43,30,52,14,15,4,49,26,1,0,0,0,0,0,0
5.13,6.97,7.33,88.47,9.36,32.24,8.72,2.59,8.8,4.23,1.2,16.95,11,0.55,1578,446,373,204,22,2,57,24,102,14,7,13,39,44,4,0,0,0,0,0,0
5.99,8.27,8.92,82.37,10.97,34.82,10.29,3.03,8.78,4.5,1.27,17,17.5,0.49,2678,754,595,289,35,2,106,62,162,32,8,29,71,72,3,0,0,0,0,0,0
8.29,9.94,8.81,73.12,13.12,40.05,11.62,4,8.47,4.43,1.33,21.05,10.5,0.47,1956,587,442,206,21,2,84,52,106,8,9,15,45,65,1,0,0,0,0,0,0
8.98,10.05,8.89,68.35,13.54,42.05,11.97,4.42,8.57,4.44,1.38,21.16,9.5,0.52,1784,556,402,210,19,2,84,51,99,23,11,20,30,48,7,0,0,0,0,0,0
5.3,6.03,7.57,82.19,9.43,32.41,9.32,2.58,7.83,4.33,1.3,14.12,12,0.47,1468,442,339,158,24,2,62,32,75,14,12,11,47,41,4,0,0,0,0,0,0
7.23,10.55,8.48,84.18,9.2,31.7,3,2,7.52,4.35,1.17,23,0.5,0.87,100,27,23,20,1,2,2,0,4,1,1,1,2,0,0,0,0,0,0,0,0
7.26,11.2,11.2,77.88,12.94,45.33,11.66,5.04,9.78,4.85,1.29,19.58,12,0.5,2279,606,470,233,24,2,121,60,154,11,3,10,43,72,10,0,0,0,0,0,0
4.67,5.81,6.21,90.64,10.2,30.41,9.71,2.3,7.54,4.05,1.18,16.3,10,0.44,1321,384,326,145,20,2,46,30,64,6,11,9,71,53,1,0,0,0,0,0,0
7.99,9.29,10.07,68.46,12.8,42.9,11.74,4.42,9.63,4.69,1.43,17.24,8.25,0.54,2670,813,569,307,33,4,146,84,185,20,10,22,59,81,8,0,0,0,0,0,0
6.68,7.65,7.85,78.44,10.52,37.29,9.79,3.46,9.77,4.31,1.31,17.57,14,0.51,2120,643,492,249,28,2,97,43,164,19,6,23,41,57,5,0,0,0,0,0,0
5.68,6.19,6.5,84.07,9.67,26.8,9.12,1.69,7.42,4.09,1.25,16.69,8,0.58,1093,334,267,156,16,2,27,20,50,10,10,19,43,32,1,0,0,0,0,0,0
5.84,7.19,8.01,81.99,9.9,32.32,9.45,2.61,7.31,4.36,1.28,16.17,9,0.43,1269,373,291,124,18,2,47,25,53,9,23,11,45,33,8,0,0,0,0,0,0
5.48,6.09,8.7,76.71,9.62,33.03,9.58,2.5,8.1,4.6,1.4,11.75,18,0.4,1944,591,423,168,36,2,90,52,104,10,22,14,38,70,4,0,0,0,0,0,0
7.6,9.91,8.72,78.24,11.95,39.81,10.43,3.95,8.22,4.41,1.27,21.16,6.33,0.47,1772,509,402,189,19,3,75,35,90,15,12,6,53,51,0,0,0,0,0,0,0
6.46,6.52,7.84,75.18,10.28,34.68,9.95,2.94,7.92,4.36,1.38,14.83,9,0.48,1164,368,267,127,18,2,53,29,60,7,5,12,36,36,3,0,0,0,0,0,0
3.73,4.62,6.59,90.39,8.76,29.95,8.94,2.18,8.07,4.21,1.23,12.41,8.5,0.55,889,259,211,117,17,2,37,20,51,8,0,9,18,24,2,0,0,0,0,0,0
4.98,4.68,6.59,81.7,8.21,25.5,8.48,1.62,7.87,4.21,1.33,12.56,8,0.61,846,267,201,123,16,2,26,16,46,3,6,18,24,23,2,0,0,0,0,0,0
6.61,7.73,7.54,80.33,9.93,29.24,8.98,2,8.73,4.24,1.28,18.33,10.5,0.46,1634,491,385,178,21,2,42,25,102,9,11,23,41,42,2,0,0,0,0,0,0
4.24,5,7.99,82.48,8,20,8.48,1,6.5,4.55,1.35,10,1,0.9,91,27,20,18,2,2,2,2,3,1,0,2,2,1,0,0,0,0,0,0,0
7.05,10.1,8.43,83.86,12.83,38.5,11.14,3.62,9.17,4.35,1.19,22.08,12,0.39,2305,630,530,207,24,2,87,53,149,20,6,22,66,70,3,0,0,0,0,0,0
5.32,6.26,7.87,82.04,10.43,30.72,10.12,2.34,8.05,4.38,1.31,14.09,10.67,0.47,1977,589,451,210,32,3,75,54,106,20,5,24,60,50,4,0,0,0,0,0,0
7.8,9.55,10.52,69.43,12.51,41.2,11.54,4.11,9.52,4.77,1.42,17,17.5,0.45,2840,845,595,270,35,2,144,85,190,13,13,24,50,72,18,0,0,0,0,0,0
6.81,7.49,10,69.06,11.37,36.55,10.75,3.04,9.06,4.78,1.48,12.8,12.5,0.49,1530,472,320,156,25,2,76,50,97,15,4,8,38,35,7,0,0,0,0,0,0
7.31,9.12,6.13,85.38,10.96,33.47,7.95,2.27,7.46,3.94,1.15,24,5.5,0.52,1040,303,264,137,11,2,25,9,44,6,9,20,29,27,1,0,0,0,0,0,0
5.68,7.17,8.66,80.78,9.94,31.78,9.68,2.51,8.3,4.5,1.31,14.83,17.5,0.46,2335,681,519,240,35,2,88,52,129,16,5,23,62,66,8,0,0,0,0,0,0
6.12,7.36,9.87,73.88,10.78,35.35,10.37,2.88,9.55,4.76,1.42,12.74,21,0.51,2547,759,535,275,42,2,121,76,179,25,15,27,34,74,14,1,0,0,0,0,0
7.78,9.1,6.98,79.29,12.99,37.15,11.22,3.3,7.77,4.1,1.24,22.45,10,0.45,1840,556,449,204,20,2,66,45,86,14,9,19,59,50,5,0,0,0,0,0,0
4.25,5.29,6.82,89.05,8.86,28.52,8.89,2.03,7.3,4.21,1.23,13.75,16,0.4,1854,540,440,175,32,2,65,37,83,22,15,16,75,43,5,0,0,0,0,0,0
4.14,5.49,6.42,92.34,8.59,28.35,8.37,2,7.19,4.11,1.17,15.12,12.5,0.51,1554,443,378,193,25,2,50,24,67,8,13,12,47,54,0,0,0,0,0,0,0
5.8,6.95,7.67,82.43,10.01,31.78,9.55,2.52,7.82,4.3,1.28,16.24,10.5,0.53,1467,435,341,181,21,2,53,30,73,10,13,16,36,41,4,0,0,0,0,0,0
7.55,8.77,7.86,76.77,12.11,36.11,10.83,3.22,8.42,4.27,1.3,20.13,7.67,0.41,1979,600,463,192,23,3,74,47,111,21,10,14,64,63,3,0,0,0,0,0,0
5.89,6.44,8.22,77.42,9.78,32.76,9.64,2.62,7.85,4.45,1.36,13.82,17,0.46,2091,641,470,214,34,2,89,50,105,28,8,12,62,46,2,0,0,0,0,0,0
8.1,10.38,10.97,69.24,12.83,45.39,11.71,4.94,9.87,4.83,1.41,18.12,8.5,0.62,1488,434,308,192,17,2,84,43,104,11,3,10,23,49,5,0,0,0,0,0,0
5.69,9.53,7.84,93.26,10.12,32.73,7.74,2.38,7.7,4.25,1.08,21.88,4,0.53,744,189,175,93,8,2,19,6,33,4,11,7,26,22,0,0,0,0,0,0,0
7.7,8.66,9.22,70.77,11.8,36.46,10.95,3.32,9.09,4.55,1.4,17.37,9.5,0.52,1500,462,330,171,19,2,63,40,96,22,3,16,12,41,3,0,0,0,0,0,0
6.22,7.71,6.12,87.69,11.06,33.28,9.51,2.59,7.43,3.97,1.16,20.88,8.5,0.43,1409,411,355,151,17,2,44,24,62,10,14,17,49,51,2,0,0,0,0,0,0
6.57,7.91,7.78,80.55,11,34.7,10.11,3,6.72,4.28,1.27,18.32,9.5,0.4,1491,443,348,140,19,2,57,32,48,13,12,8,45,50,0,0,0,0,0,0,0
8,8.53,9.71,66.39,11.49,37.74,10.81,3.48,8.86,4.65,1.47,16.1,15.5,0.47,2321,732,499,234,31,2,108,63,140,20,19,18,57,60,5,0,0,0,0,0,0
6.57,7.4,6.91,81.32,11.13,31.55,10.14,2.4,8.78,4.13,1.26,18.75,10,0.51,1549,472,375,191,20,2,48,34,100,8,6,11,48,46,2,0,0,0,0,0,0
4.37,4.56,6.19,87.13,9.03,27.64,9.09,1.9,7.32,4.12,1.26,13.14,10.5,0.47,1138,347,276,131,21,2,40,26,53,4,13,15,52,32,0,0,0,0,0,0,0
5.29,5.56,4.47,90.96,9.71,29.53,8.48,2,6.5,3.71,1.14,19,6.5,0.39,917,282,247,97,13,2,26,13,30,11,19,10,44,24,0,0,0,0,0,0,0
7.43,8.24,10.02,68.12,11.55,38.46,10.91,3.5,9.53,4.73,1.46,14.78,18,0.48,2517,778,532,258,36,2,126,75,174,20,6,21,58,53,8,0,0,0,0,0,0
7.79,8.88,8.3,74.08,11.83,36.76,10.66,3.36,8.27,4.35,1.33,19.59,11,0.45,1877,575,431,196,22,2,74,43,100,18,11,13,46,60,2,0,0,0,0,0,0
6.51,8.08,8.73,78.52,11.09,36.28,10.4,3.28,8.3,4.47,1.31,16.93,14.5,0.45,2194,645,491,223,29,2,95,53,119,22,9,19,88,57,11,0,0,0,0,0,0
3.85,5.84,7.25,92.93,8.8,28.99,8.74,2.1,8.21,4.27,1.17,14.3,5,0.63,611,168,143,90,10,2,21,11,35,8,1,6,15,18,1,0,0,0,0,0,0
5.87,7.16,8.19,81.01,10.61,34.61,10.14,2.97,8.13,4.4,1.3,15.73,16.5,0.37,2284,674,519,191,33,2,98,56,122,18,19,19,68,65,5,0,0,0,0,0,0
8.25,9.86,9.8,69.86,13.53,42.57,12.19,4.48,9.06,4.62,1.39,19.07,13.5,0.51,2378,716,515,265,27,2,121,76,146,23,27,26,49,58,7,0,0,0,0,0,0
9.29,11.87,10.45,68.46,12.74,44.23,10.96,4.89,8.97,4.69,1.37,22.44,4.5,0.58,947,276,202,117,9,2,44,19,54,10,6,12,19,21,4,0,0,0,0,0,0
11.25,14.46,8.27,70.88,15.67,48.92,11.42,5.45,8.65,4.25,1.23,31.73,5.5,0.5,1484,428,349,173,11,2,60,26,76,10,4,14,45,55,1,0,0,0,0,0,0
4.28,4.92,6.57,88.05,8.42,28.1,8.56,1.97,7.3,4.18,1.24,13.28,16,0.51,1778,529,425,216,32,2,63,33,81,13,14,18,62,44,2,0,0,0,0,0,0
6.5,7.21,8.67,75.03,9,34.45,8.82,2.91,8.06,4.5,1.38,14.91,11.5,0.48,1543,473,343,163,23,2,67,26,80,8,17,15,43,48,4,0,0,0,0,0,0
4.69,7.46,8.3,90.38,9.7,35.33,9.24,3.1,10.18,4.41,1.18,16.25,10,0.56,1433,384,325,182,20,2,62,26,118,5,6,9,29,45,2,0,0,0,0,0,0
7.76,8.54,7.71,74.87,11.75,36.09,10.53,3.22,8.15,4.25,1.32,19.89,9,0.53,1522,473,358,190,18,2,58,34,80,22,3,17,38,54,3,0,0,0,0,0,0
11.14,13.46,9.63,63.85,15.76,46.71,12.95,5.3,8.52,4.51,1.36,27.3,5,0.49,1231,372,273,135,10,2,53,33,61,9,0,11,35,43,3,0,0,0,0,0,0
8.59,9.61,8.99,69.09,13.06,39.71,11.71,3.94,8.16,4.47,1.39,20,8.5,0.52,1519,472,340,178,17,2,67,43,76,9,16,15,36,41,7,0,0,0,0,0,0
21.21,26.18,6.1,48.7,25.98,68.88,13,5.67,8.89,3.81,1.16,59.33,1.5,0.52,678,206,178,93,3,2,17,10,26,2,11,20,17,24,0,0,0,0,0,0,0
5.79,7.93,7.59,86.91,10.69,31.78,9.71,2.44,7.7,4.25,1.19,18.72,9,0.45,1431,402,337,153,18,2,44,27,67,10,5,9,49,42,1,0,0,0,0,0,0
5.76,5.8,6.59,81.47,10.03,31.27,9.67,2.44,8.09,4.13,1.3,15.56,13.5,0.51,1735,544,420,214,27,2,66,40,98,15,13,14,48,60,6,0,0,0,0,0,0
6.63,7.44,6.22,83.31,11.62,35.52,10.35,3.1,8.01,4,1.22,20.1,5,0.6,803,245,201,120,10,2,31,18,43,11,5,10,24,24,1,0,0,0,0,0,0
6.16,7.42,7.07,83.86,10.18,33.56,9.21,2.79,6.99,4.16,1.23,18.5,7,0.45,1078,319,259,117,14,2,39,18,40,16,9,10,39,28,0,0,0,0,0,0,0
7.85,9.48,8.74,74.66,12.41,41.15,11.11,4.23,8.73,4.42,1.32,20.15,13,0.48,2318,692,524,253,26,2,110,57,136,14,15,16,61,58,5,0,0,0,0,0,0
5.08,6.99,6.73,90.88,10.43,31.61,9.58,2.44,8.22,4.11,1.15,18.11,9,0.48,1340,376,326,158,18,2,44,26,76,7,5,22,32,30,3,0,0,0,0,0,0
5.35,5.67,6.03,85.8,9.47,29.39,9,2.13,7.19,4.02,1.23,16.33,15,0.41,1970,605,490,200,30,2,64,36,85,18,18,15,77,60,7,0,0,0,0,0,0
13.41,14.98,11.45,47.8,17.94,52.14,14.97,6.78,9.34,4.82,1.55,27.44,4.5,0.51,1190,383,247,126,9,2,61,43,68,8,8,8,16,34,4,0,0,0,0,0,0
2.62,3.66,5.64,97.39,7.12,24.32,7.6,1.48,7.65,4.07,1.15,11.84,22,0.45,2121,600,521,237,44,2,65,31,113,17,14,15,67,65,0,0,0,0,0,0,0
5.43,5.63,5.66,86.37,9.86,29.78,9.26,2.17,7.51,3.95,1.22,16.96,11.5,0.5,1539,476,390,195,23,2,50,30,75,19,6,21,49,49,0,0,0,0,0,0,0
7.44,8.73,10.01,70.25,11.4,38,10.75,3.52,8.93,4.71,1.42,16,12.5,0.52,1882,569,400,207,25,2,88,50,114,12,5,20,36,51,3,0,0,0,0,0,0
5.51,6.54,7.25,84.11,10.34,29.1,9.87,2.1,7.52,4.23,1.26,16.05,10.5,0.47,1427,424,337,159,21,2,44,33,66,16,7,14,46,34,2,0,0,0,0,0,0
10.74,12.51,7.51,69.49,14.94,43.89,11.56,4.33,8.23,4.14,1.28,28.89,4.5,0.52,1076,332,260,135,9,2,39,22,52,11,3,16,34,33,2,0,0,0,0,0,0
6.8,7.57,8.36,75.53,11.54,33.37,10.83,2.78,8.26,4.42,1.36,16.39,11.5,0.5,1665,511,377,187,23,2,64,47,91,11,8,19,54,42,1,0,0,0,0,0,0
10.89,14.08,9.45,68.5,15.35,48.06,12.06,5.53,9.69,4.47,1.29,28.93,7.5,0.51,1939,559,434,221,15,2,83,41,127,9,17,17,66,49,8,0,0,0,0,0,0
5.9,7.62,9.11,79.5,11.41,32.84,10.8,2.68,9.97,4.57,1.32,15.03,17,0.5,2336,677,511,254,34,2,91,69,181,17,9,14,31,66,1,0,0,0,0,0,0
5.1,5.36,8.28,77.15,10.14,29.01,9.84,1.94,8.55,4.58,1.41,10.47,17,0.5,1629,501,356,177,34,2,66,53,99,12,16,15,39,30,2,0,0,0,0,0,0
4.68,5.88,8.63,81.58,9.88,30.93,9.74,2.22,8.55,4.6,1.35,11.27,18.5,0.42,1919,561,417,177,37,2,82,56,115,20,8,14,33,64,1,0,0,0,0,0,0
5.51,6.24,8.72,77.18,8.98,33.14,9.12,2.55,7.75,4.58,1.39,12.15,10,0.52,1114,337,243,127,20,2,51,25,54,15,4,17,25,29,0,0,0,0,0,0,0
5.5,6.27,6.89,84.33,10.3,31.09,9.82,2.41,7.38,4.17,1.25,16.1,14.5,0.45,1948,586,467,208,29,2,70,45,87,20,14,17,66,67,2,0,0,0,0,0,0
8.63,9.79,9.22,68.8,13.42,40.21,12.01,4.04,9.5,4.51,1.39,20,12,0.54,2163,668,480,257,24,2,97,65,148,15,6,15,53,59,6,0,0,0,0,0,0
9.5,10.08,7.33,69.68,13.65,41.26,11.54,4.14,7.65,4.14,1.33,24,3.5,0.54,696,224,168,90,7,2,29,17,30,5,5,9,23,30,4,1,0,0,0,0,0
2.68,4.05,5.89,97.89,8.18,27.42,8.48,1.86,8.08,4.09,1.14,12.38,14.5,0.45,1470,409,359,160,29,2,54,29,87,19,12,10,56,41,2,0,0,0,0,0,0
5.44,6.48,7.67,82.9,9.76,31.66,9.5,2.5,8.05,4.33,1.28,15.06,16,0.5,2085,619,482,241,32,2,80,45,112,16,9,17,59,61,7,0,0,0,0,0,0
4.59,5.07,7.12,84.39,9.27,28.13,9.32,1.95,7.87,4.3,1.3,12.48,10.5,0.58,1127,340,262,151,21,2,41,28,60,12,6,10,33,24,1,0,0,0,0,0,0
6.65,10.95,11.38,80.63,12.47,41.88,11.37,4.33,10.77,4.89,1.27,18.67,9,0.55,1644,426,336,186,18,2,78,42,132,5,12,14,19,40,2,0,0,0,0,0,0
8.11,8.34,7.91,70.83,11.24,38.01,10.19,3.61,7.85,4.3,1.38,19.06,9,0.49,1474,473,343,168,18,2,65,31,71,10,11,11,47,55,4,0,0,0,0,0,0
4.87,5.93,6.63,88.24,9.74,29.57,9.37,2.18,7.6,4.13,1.21,15.76,8.5,0.53,1108,325,268,141,17,2,37,23,54,7,7,9,40,42,2,0,0,0,0,0,0
6.35,6.79,8.01,76.53,10.2,30.07,9.85,2.26,7.78,4.38,1.36,15.17,11.5,0.53,1529,474,349,186,23,2,52,36,75,11,10,17,32,47,0,0,0,0,0,0,0
6.38,7.52,7.72,80.47,10.43,34.44,9.71,2.96,8.15,4.29,1.28,17.5,14,0.5,2101,629,490,246,28,2,83,42,113,22,15,18,66,55,3,0,0,0,0,0,0
7.12,7.63,7.76,75.6,10.96,35.25,10.17,3.11,8.43,4.29,1.34,17.71,14,0.52,2128,664,496,259,28,2,87,48,123,19,10,11,56,62,5,0,0,0,0,0,0
7.63,9.24,8.55,75.91,11.59,35.99,10.35,3.2,8.9,4.39,1.31,19.95,10,0.43,1753,522,399,172,20,2,64,36,108,8,11,15,35,54,2,0,0,0,0,0,0
7.53,10,10.71,72.67,12.91,41.38,11.79,4.19,9.55,4.79,1.37,17.73,13,0.48,2209,633,461,219,26,2,109,67,147,17,6,18,40,61,5,0,0,0,0,0,0
14.09,18.83,10.04,61.46,17.86,51.44,11.78,5.14,9.39,4.53,1.26,37.86,3.5,0.44,1200,335,265,116,7,2,36,18,65,7,6,14,21,25,4,0,0,0,0,0,0
6.61,5.78,6.88,74.18,10.26,31.01,9.93,2.4,7.77,4.19,1.39,14.9,10,0.49,1250,414,298,147,20,2,48,32,64,10,9,8,47,32,1,0,0,0,0,0,0
8.16,8.86,8.94,69.26,13.23,38.51,12,3.7,7.82,4.48,1.41,18.35,10,0.52,1645,516,367,191,20,2,74,54,76,15,10,12,46,44,2,0,0,0,0,0,0
5.13,6.5,8.09,83.65,8.68,30.04,8.65,2.25,8.91,4.42,1.29,14.25,8,0.58,1007,293,228,132,16,2,36,17,66,7,5,4,27,27,3,0,0,0,0,0,0
5.1,4.89,6.22,83.34,9.82,30.29,9.66,2.28,7.63,4.11,1.29,13.96,12.5,0.46,1433,451,349,162,25,2,57,37,73,10,8,16,48,45,2,1,0,0,0,0,0
6.11,7.11,9.53,74.05,10.27,36.47,10.03,3.03,9.32,4.7,1.42,12.79,17,0.5,2045,616,435,217,34,2,103,56,139,20,8,17,49,42,4,0,0,0,0,0,0
5.19,5.26,7.16,80.83,8.64,28.4,8.8,2,7.6,4.29,1.33,12.92,12.5,0.47,1387,431,323,153,25,2,50,28,68,11,11,15,45,40,6,0,0,0,0,0,0
2.86,4.61,6.87,95.42,6.97,27.07,7.47,1.8,7.9,4.28,1.18,11.73,7.5,0.56,754,207,176,99,15,2,27,10,41,3,4,11,13,22,1,0,0,0,0,0,0
7.02,8.6,7.47,81.17,11.83,38.23,10.48,3.64,7.81,4.2,1.24,20.45,11,0.41,1892,558,450,184,22,2,80,41,90,19,3,15,62,56,1,0,0,0,0,0,0
7.9,10.08,8.14,78.61,13.04,38.66,11.24,3.63,8.73,4.29,1.24,22.58,9.5,0.43,1842,534,429,186,19,2,69,43,108,20,2,16,46,71,2,0,0,0,0,0,0
3.66,3.38,5.26,90.01,8.31,27.31,8.63,1.83,8.43,4,1.24,11.89,9,0.54,857,265,214,116,18,2,33,19,57,4,5,9,18,32,3,0,0,0,0,0,0
5.67,7.64,9.04,81.57,10.44,35.94,10.04,3.15,8.5,4.56,1.3,15.23,13,0.49,1804,514,396,195,26,2,82,43,103,22,11,14,35,52,0,0,0,0,0,0,0
6.98,8.11,8.81,75,10.94,35.11,10.29,3.08,8.8,4.48,1.36,16.85,6.5,0.57,982,297,219,124,13,2,40,23,60,8,6,8,22,26,3,0,0,0,0,0,0
5.1,6.78,6.91,89.28,10.52,31,9.83,2.37,8.25,4.15,1.18,17.3,13.5,0.42,1940,552,467,195,27,2,64,42,111,20,21,20,61,55,3,0,0,0,0,0,0
7.61,9.99,10.04,74.22,13.05,37.52,11.82,3.52,9.95,4.66,1.34,18.93,13.5,0.47,2382,685,511,239,27,2,95,70,174,18,7,11,48,72,5,0,0,0,0,0,0
5.97,5.62,6.54,79.32,10.19,31.24,9.85,2.44,7.96,4.13,1.33,15.19,8,0.58,1004,322,243,141,16,2,39,25,55,8,11,9,29,33,2,0,0,0,0,0,0
6.2,6.79,7.28,80.16,10.13,33.17,9.6,2.75,8.03,4.23,1.3,16.6,10,0.52,1404,431,332,173,20,2,55,29,75,13,8,14,30,56,1,0,0,0,0,0,0
4.79,4.46,6.06,84.19,8.3,28.05,8.48,1.96,7.65,4.1,1.29,13.16,12.5,0.53,1349,425,329,174,25,2,49,25,70,11,5,16,50,31,4,0,0,0,0,0,0
6.42,9.39,9.82,80.97,11.82,38.53,10.91,3.69,9.02,4.64,1.27,17.94,18,0.4,2996,822,646,261,36,2,133,75,184,16,6,24,74,84,2,0,0,0,0,0,0
7.07,9.41,10.69,73.5,11.64,39.8,10.91,3.83,9.4,4.81,1.38,16.33,12,0.54,1887,541,392,210,24,2,92,50,123,21,9,24,29,42,7,0,0,0,0,0,0
6.37,7.24,8.74,75.81,11.42,35.51,10.81,3.07,8.91,4.51,1.37,14.83,15,0.41,2008,610,445,182,30,2,92,61,128,8,10,11,47,75,8,0,0,0,0,0,0
3.12,3.48,4.95,95.71,6.93,22.87,7.14,1.29,6.72,3.92,1.16,12.9,10.5,0.46,1062,314,271,126,21,2,27,12,42,17,5,19,33,26,0,0,0,0,0,0,0
5.76,7.06,6.52,87.01,10.88,31.82,9.91,2.45,8.64,4.07,1.19,18.68,11,0.48,1671,490,411,199,22,2,54,35,106,18,11,14,50,55,2,0,0,0,0,0,0
7.05,7.61,10.78,64.71,9.76,37.47,9.66,2.96,9.55,4.96,1.54,11.32,12.5,0.65,1405,437,283,183,25,2,74,37,96,14,1,14,19,30,11,0,0,0,0,0,0
4.56,6.41,7.27,90.36,9.89,31.36,9.52,2.46,7.56,4.24,1.19,15.71,12,0.49,1600,448,377,183,24,2,59,34,75,22,6,12,38,42,0,0,0,0,0,0,0
9.25,11.03,9.73,67.7,13.78,44.08,12.08,4.86,9.34,4.57,1.38,21.86,14,0.49,2798,846,612,298,28,2,136,77,179,22,9,36,61,81,12,0,0,0,0,0,0
6.89,6.95,8.56,71.38,10.81,36.15,10.39,3.14,8.43,4.49,1.43,14.45,7.33,0.62,1428,454,318,196,22,3,69,40,82,11,8,14,30,43,2,0,0,0,0,0,0
3.86,4.89,8.43,80.68,8.03,28.73,8.31,1.59,8.61,4.8,1.4,7.47,8.5,0.65,609,178,127,82,17,2,27,16,37,4,1,3,10,19,5,0,0,0,0,0,0
16.38,20.05,5.56,62.7,22.03,58.22,13.25,5,9.48,3.74,1.13,47.75,2,0.52,714,216,191,99,4,2,20,14,42,11,0,2,31,19,1,0,0,0,0,0,0
6.33,7.46,7.87,80.14,11.31,34.39,10.58,2.96,8.62,4.32,1.29,17.09,11.5,0.52,1698,508,393,206,23,2,68,44,103,15,6,13,40,56,3,1,0,0,0,0,0
3.99,3.76,5.95,86.68,8.75,27.55,8.98,1.84,7.61,4.14,1.28,11.35,15.5,0.48,1458,452,352,168,31,2,57,37,76,14,10,15,49,41,3,0,0,0,0,0,0
7.43,8.01,9.19,70.01,11.39,35.63,10.75,3.14,8.22,4.57,1.43,15.86,11,0.54,1594,498,349,188,22,2,69,44,84,12,8,5,32,42,4,0,0,0,0,0,0
6.47,7.43,8.39,77.18,11.78,34.12,11.03,2.9,8.43,4.43,1.34,16,10,0.54,1417,429,320,172,20,2,58,43,81,9,5,9,47,39,5,0,0,1,0,0,0
4.88,6.2,7.16,87.49,9.21,28.95,8.93,2.09,8.28,4.23,1.23,15.39,7.67,0.5,1498,434,354,176,23,3,48,27,87,16,6,17,39,48,0,0,0,0,0,0,0
5.68,7.68,8.44,83.7,10.39,34.68,9.85,3,8.7,4.43,1.26,16.5,8,0.59,1169,332,264,155,16,2,48,25,71,14,11,12,25,28,0,0,0,0,0,0,0
6.66,7.33,8.44,75.17,11.37,36.54,10.75,3.27,8.72,4.44,1.37,15.65,8.67,0.45,1809,557,407,184,26,3,85,52,111,25,7,19,54,46,3,0,0,0,0,0,0
4.7,4.79,6.8,83.43,8.59,30.54,8.81,2.25,7.75,4.25,1.31,12.41,16,0.48,1687,520,397,192,32,2,72,36,88,19,10,13,52,44,4,0,0,0,0,0,0
4.83,5.38,6.04,88.2,9.13,28.83,8.82,2.06,7.16,4.04,1.22,15.58,15.5,0.43,1950,587,483,207,31,2,64,35,84,29,19,17,63,47,2,0,0,0,0,0,0
5,6.84,7.26,89.13,10.06,31.87,9.5,2.53,7.94,4.22,1.19,16.78,16,0.47,2267,639,537,253,32,2,81,45,118,21,18,20,72,64,4,0,0,0,0,0,0
6.84,9,7.82,82.96,11.89,36.17,10.48,3.2,8.68,4.26,1.22,20.73,7.5,0.51,1325,378,311,158,15,2,48,28,79,9,8,18,31,43,5,0,0,0,0,0,0
9.21,11.2,7.78,74.68,14.44,42.06,11.97,4.21,8.8,4.21,1.25,25.63,9.5,0.41,2049,611,487,200,19,2,80,51,120,17,11,26,67,71,2,0,0,0,0,0,0
7.51,8.03,7.84,74.19,11.08,34.18,10.14,2.9,7.37,4.29,1.35,18.5,5,0.51,794,249,185,95,10,2,29,17,33,8,0,6,16,34,0,0,0,0,0,0,0
7.54,8.25,10.05,67.25,11.57,36.13,10.92,3.15,8.85,4.74,1.47,14.73,16.5,0.52,2303,716,486,251,33,2,104,69,138,24,2,13,53,60,9,0,0,0,0,0,0
7.24,7.39,6.9,76.52,12.04,32.43,10.99,2.57,8.52,4.13,1.32,18.74,11.5,0.42,1780,567,431,181,23,2,59,49,108,10,5,28,65,54,3,0,0,0,0,0,0
6.06,6.55,6.32,83.44,9.59,31.1,8.72,2.36,7.46,4.04,1.24,17.86,11,0.42,1589,489,393,167,22,2,52,24,73,14,12,15,50,53,6,0,0,0,0,0,0
6.92,7.59,8.51,74.22,11.5,35.17,10.81,3.07,8.7,4.45,1.37,16.14,14,0.46,2010,621,452,210,28,2,86,57,122,10,7,22,54,65,5,0,0,0,0,0,0
15.73,19.54,6.14,63.78,22.45,61.6,14.94,7.25,9.62,3.84,1.14,45.75,2,0.42,703,209,183,77,4,2,29,19,43,7,2,5,31,16,0,0,0,0,0,0,0
6.83,6.65,8.69,70,11.21,34.3,10.67,2.8,9.11,4.54,1.46,13.4,12.5,0.51,1521,488,335,172,25,2,70,49,102,9,5,12,37,48,5,0,0,0,0,0,0
8.63,9.87,9.43,68.42,13.98,41.41,12.49,4.28,9.32,4.54,1.4,19.78,9,0.55,1618,498,356,197,18,2,77,54,106,9,12,13,43,49,4,0,0,0,0,0,0
10.14,10.83,10.54,57.89,14.71,44.66,13.04,4.93,9.66,4.73,1.52,19.93,14,0.46,2641,849,558,255,28,2,138,94,178,25,12,10,31,92,8,0,0,0,0,0,0
5.76,5.86,8.23,75.49,10.5,33.28,10.17,2.57,8.68,4.5,1.41,12.19,10.5,0.41,1152,360,256,106,21,2,54,36,72,6,14,6,32,27,1,0,0,0,0,0,0
9.57,11.51,10.91,63.51,13.61,45.14,12.08,5.06,9.65,4.78,1.44,20.81,8,0.54,1593,481,333,181,16,2,81,44,105,10,3,17,38,39,1,0,0,0,0,0,0
5.23,6.2,5.63,90.28,10.05,31.02,9.11,2.32,7.36,3.92,1.16,18.35,9.25,0.39,2661,786,679,266,37,4,86,46,121,32,9,44,106,84,1,0,0,0,0,0,0
10.42,11.04,11.15,54.72,14.2,44.56,12.68,4.88,9.76,4.84,1.57,19.31,8,0.55,1497,484,309,171,16,2,78,50,101,11,1,13,40,43,5,0,0,0,0,0,0
5.92,7.27,5.87,88.86,9.88,31.62,8.14,2.29,7.38,3.93,1.15,20.35,8.5,0.5,1361,398,346,173,17,2,39,15,60,15,7,16,50,50,1,0,0,0,0,0,0
4.72,5.32,7.29,84.06,9.61,30.13,9.57,2.22,8.05,4.32,1.3,12.81,16,0.43,1771,532,410,176,32,2,71,46,98,11,17,15,47,57,4,0,0,0,0,0,0
4.77,9.06,11.21,86.53,9.04,34.6,8.95,2.91,10.33,4.94,1.25,14.41,11,0.59,1567,396,317,186,22,2,64,26,120,17,2,9,29,21,3,0,0,0,0,0,0
4.61,6.72,8.13,88.26,9.63,29.58,9.42,2.19,9.12,4.41,1.22,14.75,8,0.55,1041,289,236,130,16,2,35,22,71,2,1,10,12,29,0,0,0,0,0,0,0
7.32,8.95,7.71,79.62,12.99,36.37,11.54,3.24,8.21,4.24,1.25,20.81,10.5,0.34,1853,548,437,149,21,2,68,51,98,23,9,13,72,60,1,0,0,0,0,0,0
4.77,6.14,8.56,82.64,9.63,31.4,9.59,2.34,9.05,4.55,1.32,12.24,14.5,0.47,1617,469,355,166,29,2,68,42,108,8,7,4,47,31,3,0,0,0,0,0,0
6.05,7.44,8.79,78.79,10.66,34.44,10.23,2.93,9.23,4.51,1.33,15.22,13.5,0.46,1855,547,411,190,27,2,79,47,126,23,7,17,46,43,1,0,0,0,0,0,0
5.94,6.69,7.87,79.51,10.83,33.66,10.36,2.81,7.54,4.36,1.32,15.19,15.5,0.44,2052,623,471,209,31,2,87,56,94,25,24,15,36,57,9,0,0,0,0,0,0
8.91,9.99,7.53,72.92,12.54,38.98,10.46,3.64,8.26,4.18,1.3,23.43,7,0.49,1372,427,328,161,14,2,51,26,72,10,6,13,33,45,2,0,0,0,0,0,0
4.67,5.45,6.59,87.65,9.34,29.01,9.19,2.1,6.96,4.15,1.23,14.66,14.5,0.43,1764,524,425,184,29,2,61,37,70,20,7,16,71,39,1,0,0,0,0,0,0
8.23,10.5,7.39,80.2,13.05,39.58,10.64,3.67,7.13,4.15,1.2,24.78,9,0.35,1850,535,446,155,18,2,66,35,64,20,19,11,63,49,0,0,0,0,0,0,0
5.6,7.5,7.67,86.21,10.06,29.58,9.32,2.11,8.4,4.28,1.22,17.56,4.5,0.6,676,192,158,95,9,2,19,12,39,0,8,9,20,17,0,0,0,0,0,0,0
5.45,6.02,8.07,79.18,10.47,32.3,10.17,2.51,8.54,4.45,1.35,13.02,24.5,0.41,2837,863,638,264,49,2,123,84,172,35,10,12,70,77,6,0,0,0,0,0,0
4.21,5.39,5.49,94.65,9.31,30.47,8.74,2.3,7.96,3.92,1.13,16.7,10,0.53,1310,376,334,176,20,2,46,22,74,9,10,11,44,52,0,0,0,0,0,0,0
6.72,7.75,8.31,77.07,10.71,33.86,10.07,2.87,8.52,4.4,1.33,16.93,7.5,0.54,1117,338,254,136,15,2,43,25,65,10,10,10,30,20,1,0,0,0,0,0,0
8.94,11.13,7.99,75.69,14.03,42.04,11.66,4.25,8.5,4.25,1.25,25.12,8,0.52,1707,502,402,211,16,2,68,40,92,15,3,21,41,64,1,0,0,0,0,0,0
6.07,6.42,9.86,68.83,11.53,33.24,10.46,2.29,8.76,4.88,1.51,9.71,3.5,0.72,332,103,68,49,7,2,16,13,20,3,2,3,9,6,2,0,0,0,0,0,0
6.72,6.91,9.05,70.57,11.64,34.35,10.94,2.8,8.75,4.61,1.45,13.3,10,0.5,1225,386,266,133,20,2,56,42,75,13,10,4,30,27,6,0,0,0,0,0,0
4.36,4.35,6.32,85.63,6.94,26.54,7.33,1.75,8.27,4.17,1.29,12.25,4,0.73,409,126,98,72,8,2,14,5,25,5,4,1,6,9,0,0,0,0,0,0,0
7.26,8.91,8.9,76.04,10.9,36.38,9.96,3.31,8.55,4.47,1.32,18.54,6.5,0.59,1078,319,241,142,13,2,43,21,61,8,5,14,39,23,2,0,0,0,0,0,0
8.07,9.68,7.18,78.83,12.56,35.94,10.5,2.94,7.92,4.12,1.23,23.38,8,0.47,1542,461,374,176,16,2,47,30,74,14,12,24,51,34,1,0,0,0,0,0,0
6.09,5.5,6.31,78.78,9.82,29.15,9.51,2.12,8.15,4.09,1.33,15.35,8.5,0.58,1067,347,261,152,17,2,36,24,62,13,3,10,36,32,1,0,0,0,0,0,0
5.65,8.46,9.08,85.1,10.81,36.88,10.13,3.38,8.45,4.52,1.23,17.15,6.5,0.62,1009,275,223,138,13,2,44,22,56,7,3,10,19,29,2,0,0,0,0,0,0
13.1,15.85,8.24,62.92,17.71,48.13,13,4.67,9.15,4.23,1.29,34.67,4.5,0.49,1321,401,312,152,9,2,42,30,75,21,7,8,35,29,1,0,0,0,0,0,0
7.7,9.21,10.81,67.69,12.22,38.48,11.37,3.57,9.61,4.85,1.46,15.62,10.5,0.65,1590,478,328,212,21,2,75,49,108,18,7,10,32,43,4,0,0,0,0,0,0
4.6,5.49,5.94,90.63,9.39,27.32,8.98,1.81,7.76,4.01,1.18,16.05,10.5,0.45,1352,398,337,153,21,2,38,25,71,15,7,16,42,36,0,0,0,0,0,0,0
8.44,9.45,9.2,68.88,12.13,40.03,10.99,4,8.87,4.51,1.4,19.26,11.5,0.52,1999,620,443,230,23,2,92,49,120,17,11,27,46,52,11,0,0,0,0,0,0
10.29,13.46,8.91,72.12,14.78,44.89,11.49,4.67,8.96,4.38,1.25,28.53,7.5,0.47,1874,535,428,202,15,2,70,36,106,20,4,23,38,51,0,0,0,0,0,0,0
2.28,4.93,6.82,101.48,7.78,24.75,8.06,1.53,8.96,4.24,1.09,12.76,17,0.43,1841,474,434,187,34,2,52,29,129,19,7,11,35,51,0,0,0,0,1,0,1
5.34,6.55,7.95,82.9,9.76,33.5,9.55,2.76,7.85,4.38,1.29,14.67,10.5,0.46,1350,397,308,143,21,2,58,30,68,14,7,9,41,37,0,0,0,0,0,0,0
4.12,5.04,7.03,87.96,9.48,29.53,9.48,2.13,8.69,4.28,1.25,12.6,15,0.53,1619,474,378,202,30,2,64,42,106,18,4,15,38,42,5,1,0,0,0,0,0
11.11,13.22,8.69,66,15.3,43.54,12.17,4.3,7.99,4.34,1.32,28.4,5,0.46,1233,376,284,130,10,2,43,28,53,8,12,14,49,35,2,0,0,0,0,0,0
3.44,3.15,5.55,88.9,7.08,25.78,7.77,1.6,7.61,4.12,1.27,10.4,12.5,0.52,1070,330,260,134,25,2,40,19,57,16,14,8,40,27,2,0,0,0,0,0,0
6.25,7.53,6.36,85.97,9.83,35.69,8.22,3.14,7.42,4.02,1.19,20.05,11,0.42,1773,524,441,186,22,2,69,20,78,21,22,17,60,60,8,0,0,0,0,0,0
3.76,7.32,6.38,102.92,10.1,32.18,8.79,2.47,8.27,4.03,0.99,19.53,8.5,0.44,1338,330,332,146,17,2,42,19,77,13,12,9,41,42,2,0,0,0,0,0,0
5.93,7.13,5.13,90.64,11.01,32.78,9.27,2.44,7.93,3.8,1.12,21.38,8,0.43,1298,382,342,147,16,2,39,21,70,17,13,10,53,46,0,0,0,0,0,0,0
12.04,15.25,9.09,65.74,16.45,47.62,12.35,5,9.91,4.39,1.28,32,6,0.51,1686,493,384,195,12,2,60,35,114,15,14,17,41,50,6,0,0,0,0,0,0
6.02,7.13,8.82,77.49,9.8,32.09,9.61,2.55,8.38,4.54,1.36,14.36,16.5,0.45,2151,643,474,211,33,2,84,48,121,13,11,22,46,52,11,0,0,0,0,0,0
7.27,8,8.41,73.85,11.31,36.83,10.54,3.38,8.58,4.41,1.36,17.34,14.5,0.53,2217,686,503,268,29,2,98,55,130,21,15,18,55,64,2,0,0,0,0,0,0
7.97,9.36,8,75.74,12.05,36.75,10.53,3.3,8.57,4.28,1.29,21.22,13.5,0.42,2455,742,573,238,27,2,89,51,141,20,16,29,79,64,8,0,0,0,0,0,0
5.19,6.61,5.99,91.05,10.31,31.75,9.32,2.44,7.1,3.98,1.15,18.63,13.5,0.29,2000,576,503,146,27,2,66,36,81,23,7,13,103,68,0,0,0,0,0,0,0
7.1,7.35,8.66,71.31,11.35,36.06,10.75,3.17,8.44,4.49,1.42,15.26,11.5,0.49,1576,498,351,171,23,2,73,46,90,10,15,19,37,40,4,0,0,0,0,0,0
7.67,9.61,8.83,76.18,11.49,39.12,10.17,3.82,7.84,4.44,1.3,20.29,14,0.4,2520,739,568,226,28,2,107,48,115,33,11,23,54,65,4,0,0,0,0,0,0
5.34,6.4,8.34,80.74,9.97,34.69,9.8,2.86,8.06,4.48,1.33,13.46,17.5,0.49,2110,626,471,232,35,2,100,54,112,15,13,25,45,70,2,0,0,0,0,0,0
5.64,6.68,7.63,82.49,9.7,31.07,9.35,2.41,7.79,4.31,1.28,15.66,14.5,0.45,1955,582,454,204,29,2,70,39,97,17,7,18,81,64,8,0,0,0,0,0,0
6.96,6.05,6.59,73.99,11.62,32.66,10.91,2.67,7.61,4.12,1.38,16.17,6,0.58,799,267,194,113,12,2,32,25,39,6,5,11,30,19,1,0,0,0,0,0,0
3.82,5.13,7.46,88.81,6.86,23.45,7.33,1.38,6.55,4.38,1.25,11.88,4,0.58,416,119,95,55,8,2,11,5,14,3,6,2,8,11,0,0,0,0,0,0,0
7.88,8.47,7.01,75.94,11.45,37.19,9.93,3.4,7.46,4.12,1.3,21,5,0.55,865,272,210,116,10,2,34,16,37,13,8,14,28,21,4,0,0,0,0,0,0
10.5,14.35,10.34,69.64,14.06,40.5,10.75,3.5,7.84,4.62,1.29,28,1,0.68,259,72,56,38,2,2,7,4,10,0,1,3,5,9,0,0,0,0,0,0,0
9.35,11.35,4.35,84.64,14.23,41.23,9,3,8.19,3.58,1.06,31.8,2.5,0.41,570,169,159,65,5,2,15,6,30,6,0,7,24,17,0,1,0,0,0,0,0
3.97,5.38,6.41,93.03,9.06,29.93,8.9,2.24,7.48,4.12,1.17,14.84,12.5,0.42,1527,433,371,155,25,2,56,29,73,15,16,4,52,51,0,0,0,0,0,0,0
4.85,5.9,6.01,90.42,9.47,30.85,8.86,2.36,7.41,4.01,1.17,16.93,14,0.43,1899,556,474,205,28,2,66,32,88,19,14,23,44,79,1,0,0,0,0,0,0
7.73,9.93,9.38,75.25,12.46,34.62,11.18,2.92,7.36,4.53,1.32,20,6.5,0.39,1179,342,260,101,13,2,38,29,45,8,10,19,40,19,1,0,0,0,0,0,0
9.23,10.79,9.47,67.68,12.92,43.12,11.3,4.65,8.6,4.53,1.38,21.76,8.5,0.46,1676,512,370,170,17,2,79,39,91,13,18,17,47,47,4,0,0,0,0,0,0
7.15,8.47,10.48,69.46,12.13,40.14,11.29,3.71,9.19,4.82,1.45,14.42,12,0.54,1667,502,346,188,24,2,89,55,106,16,14,9,48,46,1,0,0,0,0,0,0
8.19,9.73,10.54,67.33,12.59,41.59,11.57,4.21,9.57,4.77,1.44,17.38,14.5,0.51,2404,726,504,257,29,2,122,71,162,18,7,9,43,73,5,0,0,0,0,0,0
5.43,5.44,6.51,82.43,10.72,29.82,10.3,2.22,8.41,4.14,1.29,14.78,4.5,0.63,550,172,133,84,9,2,20,16,34,0,4,10,25,16,0,0,0,0,0,0,0
9.07,11.38,7.05,78.63,14.33,39.98,11.37,3.47,8.62,4.07,1.19,27.27,7.5,0.42,1665,486,409,170,15,2,52,35,94,17,6,15,50,51,0,0,0,0,0,0,0
3.95,5.19,6.44,92.19,9.45,29.45,9.32,2.17,8.03,4.13,1.18,14.29,12,0.5,1418,406,343,170,24,2,52,32,80,15,10,14,37,43,1,0,0,0,0,0,0
4.9,5.58,7.58,82.89,8.99,28.64,9.09,2.03,7.74,4.37,1.31,12.88,17,0.43,1913,574,438,188,34,2,69,42,96,25,12,14,58,41,1,0,0,0,0,0,0
5.71,6.9,6.93,85.35,10.18,32.41,9.46,2.61,8.66,4.15,1.23,17.52,11.5,0.52,1674,494,403,210,23,2,60,32,106,19,11,21,68,56,2,0,0,0,0,0,0
8.66,9.82,10.24,65.33,12.72,42.82,11.62,4.48,9.6,4.71,1.45,18.17,7.67,0.53,1967,608,418,221,23,3,103,57,134,20,8,23,24,51,8,0,0,0,0,0,0
7.25,7.19,7.9,72.26,10.55,35.25,10.01,3.09,8.61,4.34,1.39,16.36,11,0.41,1562,502,360,148,22,2,68,36,95,11,12,16,49,42,3,0,0,0,0,0,0
3.61,4.25,6.87,87.95,8.36,27.5,8.72,1.79,8.42,4.33,1.28,10.55,16.5,0.53,1508,445,348,186,33,2,59,36,94,10,10,8,55,38,1,0,0,0,0,0,0
7.32,8.33,8.73,73.8,12.17,37.12,11.24,3.43,7.88,4.46,1.36,17.52,11.5,0.5,1797,549,403,200,23,2,79,52,86,12,13,22,55,45,3,0,0,0,0,0,0
6.04,6.36,9.64,69.83,10.06,35.45,9.76,2.57,9.36,4.82,1.5,10.13,11.5,0.64,1124,349,233,149,23,2,59,35,77,16,4,9,14,26,0,0,0,0,0,0,0
7.7,9.75,11.88,66.27,12.71,39.68,11.68,3.69,9.88,5.05,1.48,14.83,17.5,0.45,2619,770,519,231,35,2,129,88,181,12,6,18,42,66,8,0,0,0,0,0,0
6.3,8.54,10.23,76.77,11.06,36.56,10.54,3.24,9.97,4.76,1.36,15.1,14.5,0.52,2085,594,438,226,29,2,94,55,155,18,7,20,34,66,6,0,0,0,0,0,0
6.87,7.87,6.38,82.82,11.61,35.56,10.17,3.07,7.98,4.01,1.22,20.79,7,0.48,1168,354,291,139,14,2,43,24,61,9,7,14,49,35,1,0,0,0,0,0,0
5.93,6.18,9.03,72.52,10.23,33.5,9.95,2.5,8.88,4.67,1.45,11.22,18,0.5,1887,587,404,200,36,2,90,58,120,19,14,16,33,48,8,0,0,0,0,0,0
9.46,11.86,11.06,65.24,13.39,45.84,11.82,5.23,9.68,4.8,1.42,21.32,11,0.48,2253,665,469,225,22,2,115,57,148,19,9,20,35,59,2,0,0,0,0,0,0
4.19,5.5,7.63,87.36,8.4,30.24,8.65,2.22,8.43,4.39,1.26,12.53,16,0.51,1759,506,401,205,32,2,71,34,106,8,7,17,43,54,5,0,0,0,0,0,0
4.07,4.43,6.37,87.91,8.84,28.72,9.01,2.02,7.82,4.18,1.26,12.36,11,0.48,2273,684,544,259,44,4,89,53,123,18,13,18,89,58,7,0,0,0,0,0,0
6.16,7.7,6.63,86.44,10.54,33.31,9.19,2.67,8.63,4.07,1.18,19.94,9,0.5,1460,425,359,179,18,2,48,23,91,17,2,17,48,40,2,0,0,0,0,0,0
5.91,6.98,10.25,71.57,11.79,31.35,10.75,2.2,7.74,4.91,1.47,10.6,2.5,0.85,260,78,53,45,5,2,11,10,12,1,1,5,3,8,0,0,0,0,0,0,0
7.32,7.48,8.29,71.64,10.97,35.09,10.37,3.06,8.2,4.41,1.4,16.31,8,0.59,1150,366,261,153,16,2,49,29,62,14,11,12,22,37,2,0,0,0,0,0,0
2.63,4.3,5.98,99.19,7.91,29.27,8.16,2.11,7.41,4.09,1.12,12.89,13.5,0.45,1425,389,348,157,27,2,57,24,69,15,13,9,58,42,2,0,0,0,0,0,0
3.92,6.15,9.05,86.71,8.78,33.07,9.01,2.44,9.67,4.68,1.29,11.08,19.5,0.58,2022,556,432,252,39,2,95,47,150,16,8,10,37,58,9,0,0,0,0,0,0
8.07,10.4,7.75,79.87,12.45,40.19,10.19,3.89,8.74,4.22,1.21,23.94,9,0.52,1817,523,431,224,18,2,70,31,107,9,6,25,45,55,2,0,0,0,0,0,0
3.5,3.72,5.95,90.01,8.05,25.89,8.48,1.65,7.83,4.15,1.25,11.24,8.5,0.5,792,238,191,96,17,2,28,17,44,7,8,4,28,21,4,0,0,0,0,0,0
4.87,6.01,7.69,84.75,8.55,32.51,8.59,2.58,8.46,4.36,1.28,13.83,12,0.56,1447,424,332,185,24,2,62,25,87,16,8,9,38,44,0,0,0,0,0,0,0
5.14,6.29,7.65,84.26,9.37,30.25,9.21,2.29,7.29,4.33,1.27,14.64,7,0.43,888,261,205,88,14,2,32,18,38,14,6,4,36,11,1,0,0,0,0,0,0
3.45,3.86,5.41,93.36,8.95,27.54,9.06,1.89,7.44,4,1.19,12.93,13.5,0.49,1395,414,349,170,27,2,51,33,70,20,6,12,58,50,1,0,0,0,0,0,0
5.14,5.71,8.56,77.67,9.86,33.83,9.71,2.5,9.9,4.6,1.4,10.91,11,0.6,1105,335,240,145,22,2,55,33,87,5,4,8,23,19,1,0,0,0,0,0,0
4.14,4.88,5.93,91.32,8.06,23.21,7.94,1.26,7.09,4.04,1.19,14.56,13.5,0.42,1588,468,393,166,27,2,34,22,68,20,17,11,51,53,3,0,0,0,0,0,0
5.26,6.05,6.23,87.37,9.3,29.63,8.68,2.15,7.72,4.05,1.21,16.85,6.5,0.54,886,265,219,118,13,2,28,14,45,10,6,7,33,27,0,0,0,0,0,0,1
6.44,7.7,5.99,86.47,11.07,34.59,9.45,2.85,7.93,3.94,1.17,21.12,13,0.41,2165,642,549,223,26,2,74,36,113,21,14,17,82,63,3,0,0,0,0,0,0
5.8,6.66,9.09,75.71,10.09,31.77,9.91,2.41,8.91,4.64,1.4,12.5,11,0.54,1275,385,275,149,22,2,53,35,81,12,6,7,26,34,3,0,0,0,0,0,0
2.64,3.21,6.15,91.53,5.68,22.99,6.79,1.24,9.33,4.31,1.26,8.64,12.5,0.57,932,272,216,123,25,2,31,12,72,9,5,9,12,17,0,0,0,0,0,0,0
3.63,5.68,6.87,95.15,8.7,28.04,8.58,1.96,7.18,4.2,1.14,14.65,13,0.41,1600,436,381,158,26,2,51,27,68,13,10,15,63,42,0,0,0,0,0,0,0
4.9,5.16,6.11,86.51,9.72,29.28,9.48,2.14,7.04,4.06,1.24,14.91,17.5,0.46,2121,649,522,238,35,2,75,49,88,18,19,18,85,58,7,0,0,0,0,0,0
7.54,8.5,8.61,73.34,12.01,36.37,11.04,3.31,9.22,4.43,1.36,18.15,6.5,0.56,1045,321,236,133,13,2,43,28,70,11,6,7,21,29,4,0,0,0,0,0,0
6.17,7.06,5.95,85.96,10.88,33.87,9.65,2.79,7.94,3.95,1.19,19.74,9.5,0.45,1483,447,375,169,19,2,53,28,79,6,13,11,64,50,1,1,0,0,0,0,0
3.94,4.32,4.97,93.61,8.18,25.85,7.94,1.62,6.48,3.87,1.16,15.06,8,0.54,932,279,241,131,16,2,26,13,32,11,15,10,34,27,0,0,0,0,0,0,0
6.49,8.83,9.47,79.36,11,39.06,10.28,3.76,8.2,4.59,1.3,17.29,8.5,0.45,1349,382,294,132,17,2,64,30,69,8,10,14,25,42,6,0,0,0,0,0,0
8.74,10.08,9.76,67.45,12.9,38.79,11.62,3.76,9.31,4.6,1.41,19.67,10.5,0.49,1901,583,413,203,21,2,79,52,123,14,5,18,29,63,2,0,0,0,0,0,0
9.47,10.32,4.71,78.8,16.01,45.55,12.8,4.8,9.21,3.66,1.17,29,2.5,0.47,531,169,145,68,5,2,24,16,38,4,10,8,23,22,1,0,0,0,0,0,0
4.28,5.98,6.49,93.18,9.15,30.6,8.7,2.33,9,4.1,1.15,16.17,6,0.63,796,223,194,122,12,2,28,13,56,4,3,6,29,22,0,0,0,0,0,0,0
3.77,3.81,4.99,92.45,8.4,26.74,8.48,1.79,6.91,3.9,1.19,13.71,14,0.4,1499,456,384,155,28,2,50,28,63,22,13,14,34,50,0,0,0,0,0,0,0
4.73,4.44,6.42,83.04,9.21,27.92,9.29,1.92,9.29,4.19,1.32,12.28,12.5,0.44,1286,404,307,134,25,2,48,33,98,15,4,17,39,38,1,1,0,0,0,0,0
4.14,5.7,7.23,90.28,9.84,31.06,9.67,2.39,8.74,4.28,1.21,13.97,15.5,0.44,1852,524,433,191,31,2,74,46,121,20,10,5,41,62,1,0,0,0,0,0,0
8.37,9.92,7.39,76.97,12.45,38.52,10.33,3.53,7.88,4.16,1.25,23.53,9.5,0.51,1859,560,447,228,19,2,67,34,87,16,12,20,74,49,2,0,0,0,0,0,0
5.05,5.89,7.27,84.49,9.07,28.51,8.98,2.03,8.07,4.27,1.27,14.39,15.5,0.48,1906,568,446,213,31,2,63,37,105,15,18,16,52,56,5,0,0,0,0,0,0
8.03,9.64,7.2,78.93,13.74,37.59,11.8,3.33,8.13,4.13,1.23,23.25,6,0.41,1152,344,279,114,12,2,40,31,59,6,1,19,42,40,0,0,0,0,0,0,0
6.74,7.13,8.29,74.3,11.22,34.52,10.64,2.95,7.47,4.42,1.38,15.47,9.5,0.46,1300,406,294,135,19,2,56,37,57,10,6,8,33,41,3,0,0,0,0,0,0
13.81,17.32,5.49,71.32,18.89,50.44,10.92,3.45,9.3,3.74,1.09,42.27,5.5,0.43,1739,509,465,199,11,2,38,23,105,6,12,36,53,57,3,0,0,0,0,0,0
9.42,10.74,9.53,65.91,14.19,43.46,12.49,4.72,8.49,4.54,1.41,21.56,9,0.49,1762,546,388,189,18,2,85,54,93,10,11,14,37,38,4,0,0,0,0,0,0
6.59,7.24,8.46,75.23,10.94,35.22,10.43,3.05,8.42,4.45,1.37,15.39,19,0.49,2605,802,585,286,38,2,116,70,149,32,7,20,84,78,13,0,0,0,0,1,1
17.1,21.75,7.84,57.1,22.79,68.55,14.62,10,10.98,4.13,1.2,47.5,1,0.56,392,114,95,53,2,2,20,9,30,12,1,4,12,8,0,0,0,0,0,0,0
7.1,8.4,9.6,72.68,10.9,35.69,10.35,3.15,9.56,4.63,1.39,16,10,0.59,1483,446,320,189,20,2,63,36,104,16,9,10,21,36,2,0,0,0,0,0,0
2.09,4.42,6.91,99.68,7.5,28.51,8.06,1.93,8.01,4.32,1.13,11,13.5,0.54,1283,337,297,159,27,2,52,23,72,11,6,9,40,49,2,0,0,0,0,0,0
5.34,6.65,8.33,81.98,10.61,36.52,10.25,3.17,8.89,4.46,1.31,14.17,6,0.65,758,222,170,110,12,2,38,21,49,9,0,1,16,23,0,0,0,0,0,0,0
4.7,7.14,7.71,91.02,9.71,34.12,9.18,2.91,8.17,4.3,1.17,16.64,5.5,0.61,787,214,183,111,11,2,32,14,43,6,8,7,22,25,1,0,0,0,0,0,0
7.42,8.44,9.17,72.03,12.26,37.39,11.35,3.46,9.41,4.54,1.39,16.93,14,0.53,2154,659,474,253,28,2,97,65,148,18,18,15,43,53,8,0,0,0,0,0,0
5.24,7.73,10.36,80.07,10.15,34.16,9.95,2.72,8.77,4.85,1.35,12.67,4.5,0.67,1105,307,228,153,18,4,49,29,65,8,2,8,22,26,5,0,0,0,0,0,0
9.07,12.32,10.69,70.97,13.94,46.91,12.05,5.5,9.05,4.72,1.33,23,11,0.48,2390,673,506,243,22,2,121,60,137,10,6,17,36,72,2,0,0,0,0,0,0
7.87,9.1,8.25,74.61,11.76,38.59,10.46,3.71,8.47,4.34,1.32,20.19,10.5,0.48,1840,560,424,203,21,2,78,39,103,11,14,23,32,56,3,0,0,0,0,0,0
8.01,10.38,8.11,79.14,12.38,38.93,10.32,3.64,8.42,4.28,1.23,23.29,7,0.47,1396,401,326,153,14,2,51,25,75,5,10,11,37,45,6,0,0,1,0,0,0
5.67,6.86,7.85,82.33,9.81,30.56,9.45,2.33,8.56,4.34,1.28,15.67,9,0.63,1225,362,282,179,18,2,42,25,74,10,3,9,32,31,3,0,0,1,0,0,0
6.48,6.66,8.24,74.18,11.32,34.51,10.75,2.89,9.15,4.44,1.4,14.37,9.5,0.67,1212,381,273,183,19,2,55,38,83,7,7,16,31,26,2,0,0,0,0,0,0
6.04,6.2,6.72,80.72,10.48,32.58,9.96,2.65,7.65,4.14,1.3,16.27,13,0.44,1751,548,423,186,26,2,69,42,86,19,13,12,43,57,7,0,0,0,0,0,0
5.74,6.62,7.93,80.46,10.05,31.53,9.76,2.48,8.15,4.37,1.31,14.91,11.5,0.57,1500,451,343,196,23,2,57,35,82,15,3,14,34,46,0,0,0,0,0,0,0
7.48,8.86,7.67,78.34,11.85,36.88,10.45,3.35,8.74,4.23,1.27,20.7,10,0.48,1753,526,414,198,20,2,67,37,107,17,15,24,41,42,3,0,0,0,0,0,0
6.99,8.37,10.78,68.97,11.14,38.04,10.62,3.31,9.57,4.89,1.47,13.5,8,0.67,1057,317,216,145,16,2,53,31,72,5,5,7,27,36,3,0,0,0,0,0,0
7.49,8.95,8.47,75.93,12.43,38.66,11.24,3.74,8.75,4.39,1.31,19.42,9.5,0.5,1619,485,369,183,19,2,71,43,97,13,5,10,43,53,0,0,0,0,0,0,0
6.39,6.1,7.78,73.95,10.81,33.62,10.4,2.74,7.99,4.37,1.4,13.87,11.5,0.47,1395,448,319,150,23,2,63,42,74,4,14,15,42,39,7,0,0,0,0,0,0
4.92,6.51,8.07,85.31,8.81,31.6,8.76,2.47,8.41,4.41,1.26,14.32,9.5,0.59,1200,344,272,161,19,2,47,21,70,16,12,12,24,38,0,0,0,0,0,0,0
4.08,5.17,6.17,92.16,8.62,28.54,8.48,2.03,8.6,4.08,1.18,14.8,15,0.44,1810,523,444,194,30,2,61,30,119,10,11,23,57,67,0,0,0,0,0,0,0
16.33,20.86,8.4,57.67,21.14,58.72,13.43,6.25,9.69,4.23,1.23,44.75,4,0.49,1514,439,358,176,8,2,50,29,87,18,7,19,51,53,0,0,1,0,0,0,0
2.44,5.03,7.23,99.1,7.23,24.64,7.66,1.52,8.65,4.33,1.13,12.1,14.5,0.5,1521,396,351,177,29,2,44,21,98,16,10,17,48,20,1,0,0,0,0,0,0
7.17,9.65,11.04,72.57,11.49,40.39,10.8,3.92,9.3,4.88,1.39,16.24,19,0.47,3008,859,617,291,38,2,149,77,190,13,15,21,53,91,11,0,0,0,0,0,0
5,6.25,8.92,80.03,9.41,35.05,9.45,2.73,9.31,4.63,1.36,11.69,13,0.54,1409,413,304,164,26,2,71,36,98,16,2,17,34,29,7,0,0,0,0,0,0
9.41,14.62,9.49,81.02,14.18,48.48,10.01,5.55,9.14,4.47,1.13,30,5.5,0.45,1475,372,330,149,11,2,61,18,84,11,3,20,24,45,4,0,0,0,0,0,0
4.63,3.69,6.75,77.11,7.51,29,8.12,1.75,7.4,4.42,1.43,8.56,8,0.4,606,196,137,55,16,2,28,14,29,10,8,1,15,14,0,0,0,0,0,0,0
8.41,9.9,6.08,80.67,12.82,35.92,9.96,2.62,7.37,3.92,1.18,25.77,6.5,0.48,1312,396,335,160,13,2,34,21,52,15,7,17,54,37,0,0,0,0,0,0,0
5.34,6.09,7.06,84.09,9.21,29.56,8.95,2.18,7.86,4.22,1.27,15.32,11,0.48,1421,427,337,163,22,2,48,26,74,8,17,12,40,37,1,0,0,0,0,0,0
5.05,6.05,5.97,89.77,9.88,33.33,9.18,2.77,7.89,3.99,1.18,17.36,11,0.41,1525,449,382,157,22,2,61,28,82,14,3,22,72,53,2,0,0,0,0,0,0
5.8,6.87,7.43,82.9,10.28,33.33,9.75,2.78,7.78,4.26,1.27,16.52,13.5,0.45,1898,565,446,199,27,2,75,41,94,20,18,9,50,57,8,0,0,0,0,0,0
6.29,8.52,9.21,80.37,10.34,37.87,9.71,3.55,8.46,4.55,1.29,17.05,10,0.47,1551,440,341,160,20,2,71,30,86,14,8,16,27,53,7,0,0,0,0,0,0
8.83,10.46,6.45,78.64,13.06,39.62,10.07,3.5,8.49,3.97,1.2,26.33,6,0.52,1256,379,316,164,12,2,42,20,71,10,7,8,46,38,5,0,0,0,0,0,0
6.69,9.09,8.77,81.3,11.29,35.17,10.21,3.07,9.25,4.44,1.25,19.2,7.5,0.4,1279,361,288,116,15,2,46,26,85,4,5,16,20,61,2,0,0,0,0,0,0
8,9.9,9.67,72.28,13.01,41.43,11.74,4.27,8.99,4.59,1.36,19.39,16.5,0.48,2939,869,640,310,33,2,141,84,178,25,5,28,76,104,10,0,0,0,0,0,0
5,6.26,7.3,86.42,10.82,31.86,10.35,2.53,9.08,4.26,1.24,15.27,7.5,0.52,975,284,229,119,15,2,38,27,68,10,2,6,26,28,0,0,0,0,0,0,0
5.34,5.22,7.56,77.93,9.9,31.19,9.77,2.29,7.82,4.4,1.38,11.88,8.5,0.54,888,279,202,110,17,2,39,26,46,13,4,6,32,27,3,0,0,0,0,0,0
7.38,8.94,10.12,71.17,11,37.64,10.4,3.48,9.33,4.72,1.41,16.3,11.5,0.56,1769,528,375,211,23,2,80,42,116,12,10,31,32,36,8,0,0,0,0,0,0
4.91,6.13,7.23,86.69,9.63,32.13,9.38,2.57,8.01,4.25,1.24,15.07,14,0.41,1794,523,422,175,28,2,72,38,97,17,11,22,48,54,2,0,0,0,0,0,0
7.42,8.84,10.54,69,11.72,35.87,11.02,3.14,9.19,4.81,1.45,15.23,17.5,0.49,2564,771,533,260,35,2,110,75,162,16,21,20,39,76,12,0,0,0,0,0,0
7.88,9.25,9.96,69.45,12.54,39.99,11.54,3.93,9.63,4.67,1.42,17.36,7,0.58,1135,344,243,140,14,2,55,34,79,8,3,6,36,22,11,0,0,0,0,0,0
5.75,7.61,7.36,86.63,11.12,33.96,10.2,2.86,7.98,4.21,1.2,18.41,11,0.39,1706,486,405,156,22,2,63,38,88,12,19,17,60,55,0,0,0,0,0,0,0
6.45,7.92,8.7,78.32,10.81,34.67,10.21,3,8.42,4.47,1.32,16.58,13,0.48,1927,569,431,209,26,2,78,45,108,25,4,20,52,58,2,0,0,0,0,0,0
8.05,9.12,6.54,78.79,13.06,39.29,11.09,3.73,7.81,4.02,1.23,23.27,5.5,0.44,1028,316,256,112,11,2,41,24,49,12,5,15,36,32,0,0,0,0,0,0,0
8.71,11.67,11.74,67.65,13.39,45.33,12.02,5.05,9.7,4.94,1.41,19.67,10.5,0.55,2040,582,413,229,21,2,106,57,133,16,7,16,58,44,10,0,0,0,0,0,0
8.87,10.35,10.47,65.25,13.91,42.69,12.49,4.5,9.54,4.73,1.45,18.96,12,0.52,2154,658,455,238,24,2,108,72,143,17,11,14,36,64,7,0,0,0,0,0,0
2.8,3.65,5.48,96.63,8.56,26.3,8.81,1.72,7.93,4.03,1.16,12.16,16,0.44,1569,450,389,172,32,2,55,36,91,14,11,10,44,45,4,0,0,0,0,0,0
9.21,11.3,9.88,68.52,13.79,42.47,12.05,4.5,9.07,4.59,1.37,22.18,11,0.53,2242,668,488,259,22,2,99,60,134,15,7,21,50,68,2,0,0,0,0,0,0
9.42,11.85,8.73,72.77,14.62,42.68,12.22,4.39,9.21,4.37,1.28,25.39,9,0.42,1997,585,457,192,18,2,79,51,125,20,9,21,50,57,6,0,0,0,0,0,0
8.11,11.94,8.99,81.69,13.13,42.37,10.62,4.33,8.9,4.42,1.18,25.13,7.5,0.46,1665,444,377,172,15,2,65,29,96,17,10,9,47,44,8,0,0,0,0,0,0
5.18,6.08,8.16,81.11,10.2,31.91,9.98,2.46,7.77,4.46,1.33,13,12,0.44,1392,415,312,136,24,2,59,39,69,18,6,15,28,42,0,0,0,0,0,0,0
7.09,8.4,9.36,73.56,11.18,37.55,10.53,3.47,9.22,4.59,1.38,16.47,18,0.48,2719,817,593,286,36,2,125,68,179,17,8,23,48,77,17,0,0,0,0,0,0
7.77,8.49,9.48,68.7,12.09,38.73,11.25,3.67,8.77,4.61,1.44,16.47,15,0.48,2275,709,494,235,30,2,110,68,135,22,10,12,45,74,12,0,0,0,0,0,0
12.94,15.44,9.26,59.51,16.97,48.86,12.97,5.38,9.07,4.42,1.36,32.12,8,0.41,2271,697,514,212,16,2,86,53,125,14,19,19,46,75,6,0,0,0,0,0,0
4.42,5.38,7.16,86.97,9.91,30.65,9.77,2.31,8.56,4.29,1.26,13.25,18,0.47,2044,600,477,222,36,2,83,55,129,14,7,16,59,63,6,0,0,0,0,0,0
5.63,6.44,6.61,85.08,10.59,30.05,9.95,2.22,7.78,4.11,1.23,17.04,11.5,0.45,1610,484,392,176,23,2,51,37,82,13,5,24,39,45,0,0,0,0,0,0,0
5.32,7.09,8.62,83.1,10.76,35.35,10.33,3.03,9.59,4.5,1.29,14.69,9.67,0.54,1915,548,426,231,29,3,88,52,141,15,8,19,50,37,5,0,0,0,0,0,0
6.21,6.29,5.79,83.02,10.9,30.19,10.02,2.18,7.35,3.95,1.24,18.25,14,0.42,2017,636,511,216,28,2,61,46,91,18,24,22,72,72,5,0,0,0,0,0,0
6.56,7.85,10.27,71.57,11.16,37.52,10.63,3.21,9.14,4.81,1.44,13.21,16.5,0.52,2099,628,436,228,33,2,106,64,134,13,9,12,46,51,5,0,0,0,0,0,0
6.32,7.33,5.83,86.39,10.64,34.37,9.1,2.84,7.02,3.92,1.18,20.56,12.5,0.34,2017,605,514,173,25,2,71,31,77,24,17,28,71,84,1,0,0,0,0,0,0
6.69,7.41,8.12,76.42,10.46,35.13,9.91,3.07,8.14,4.37,1.34,16.48,13.5,0.44,1946,598,445,195,27,2,83,43,104,12,19,23,48,40,7,0,0,0,0,0,0
3.68,5.16,6.4,94.16,8.75,28.29,8.7,2,7.52,4.13,1.16,14.29,12,0.52,1416,398,343,178,24,2,48,26,69,16,10,6,45,38,1,0,0,0,0,0,0
6.07,7.44,9.68,75.33,10.53,36.06,10.21,3.03,8.87,4.71,1.39,13.37,15,0.51,1889,559,401,204,30,2,91,52,116,18,7,13,40,49,13,0,0,0,0,0,0
2.85,3.05,4.93,95.47,7.7,26.28,8.14,1.71,7.39,3.95,1.18,11.71,8.5,0.59,787,234,199,118,17,2,29,15,40,8,8,11,29,20,0,0,0,0,0,0,0
6.48,7.8,8.3,78.99,10.61,36.22,9.96,3.27,8.32,4.39,1.31,17.08,13,0.42,1951,580,444,187,26,2,85,42,108,16,12,19,50,60,2,0,0,0,0,0,0
7.14,8.14,7.19,79.37,12.15,37.91,10.91,3.58,8.46,4.16,1.27,19.92,6,0.56,995,303,239,133,12,2,43,25,58,7,4,8,21,41,1,0,0,0,0,0,0
6.09,7.71,8.15,81.92,11.19,34.23,10.46,2.93,7.58,4.37,1.27,17.14,7,0.44,1048,305,240,106,14,2,41,26,47,13,7,2,27,26,0,0,0,0,0,0,0
4.62,7.77,10.03,85.97,8.51,30.17,8.61,2.25,9.34,4.77,1.27,13.5,10,0.57,1287,342,270,153,20,2,45,21,86,6,4,5,34,34,5,0,0,0,0,0,0
2.19,4.42,6.08,102.53,8.28,23.77,8.48,1.4,9.14,4.11,1.08,13,2.5,0.78,267,70,65,51,5,2,7,5,20,1,5,0,6,8,1,0,0,0,0,0,0
4.16,5.02,7.6,85.06,7.25,30.42,7.83,2.15,8.49,4.43,1.31,11.15,13.5,0.44,1334,393,301,131,27,2,58,21,82,7,17,15,19,43,0,0,0,0,0,0,0
7.02,7.58,8.81,72.44,11.15,37.26,10.58,3.38,9.02,4.51,1.4,15.54,12,0.37,1682,523,373,138,24,2,81,46,109,3,20,13,62,35,7,0,0,0,0,0,0
4.07,6.41,7.31,93.67,9.59,27.59,9.26,1.87,8.59,4.25,1.15,15.61,7.67,0.51,1527,413,359,182,23,3,43,30,95,11,0,19,64,37,2,0,0,0,0,0,0
4.51,5.5,5.84,91.72,8.59,28.33,8.04,1.96,7.73,3.99,1.17,16.27,13,0.42,1688,493,423,178,26,2,51,22,88,10,23,26,63,39,1,0,0,0,0,0,0
6.41,7.29,8.27,77.47,9.72,37.16,9.32,3.38,8.35,4.41,1.34,15.9,10.5,0.48,1473,447,334,161,21,2,71,28,83,10,14,12,42,43,1,0,0,0,0,0,0
9.26,10.32,7.92,70.52,14.35,39.4,12.35,3.74,8.66,4.25,1.33,23.48,11.5,0.45,2294,718,540,243,23,2,86,67,132,28,9,29,58,69,13,0,0,0,1,0,0
8.21,9.72,10,68.97,13.12,41.09,11.92,4.17,9.85,4.66,1.41,18.39,11.5,0.49,1972,596,423,207,23,2,96,61,142,14,8,13,45,52,10,0,0,0,0,0,0
5.69,5.27,5.74,82.6,10.97,30.58,10.42,2.33,7.24,3.98,1.28,15.92,6,0.52,760,244,191,99,12,2,28,22,34,13,4,11,26,23,4,0,0,0,0,0,0
5.77,6.22,7.94,78.36,10.16,31.47,9.93,2.44,8.52,4.4,1.35,13.84,12.5,0.45,1523,468,346,156,25,2,61,40,92,13,0,18,29,47,2,0,0,0,0,0,0
5.66,7.3,6.91,87.45,10.16,32.91,9.19,2.67,8.82,4.14,1.19,18.5,9,0.59,1377,396,333,197,18,2,48,23,90,9,13,15,33,46,3,0,0,0,0,0,0
5.48,6.14,8.42,78.16,10.42,35.75,10.13,2.91,8.58,4.52,1.37,12.57,11.5,0.55,1306,396,289,159,23,2,67,39,79,16,13,8,30,28,3,0,0,0,0,0,0
5.8,5.71,5.2,85.53,9.42,29.11,8.48,2,7.63,3.85,1.22,18,6.5,0.44,901,285,234,103,13,2,26,13,46,9,9,18,37,30,0,0,0,0,0,0,0
3.51,4.5,6.35,92.39,8.35,24.18,8.59,1.46,7.75,4.17,1.2,12.62,12,0.53,1262,364,303,160,24,2,35,25,67,9,15,12,40,30,4,0,0,0,0,0,0
5.64,7.02,7.58,84.19,10.7,33.4,10.11,2.79,8.27,4.28,1.25,16.58,9.5,0.46,1348,394,315,144,19,2,53,32,76,20,5,10,41,38,0,0,0,0,0,0,0
7.51,8.14,9.17,70.12,11.73,38.06,10.98,3.54,9.19,4.56,1.42,16.21,8,0.61,1773,553,389,239,24,3,85,51,117,16,8,20,26,47,3,0,0,0,0,0,0
8.17,9.25,9.09,70.3,12.51,38.74,11.37,3.75,8.46,4.5,1.39,19,12,0.52,2051,632,456,238,24,2,90,56,112,17,8,21,62,63,4,0,0,0,0,0,0
8.84,11.43,9.64,72.46,14,41.96,12.12,4.36,9.44,4.55,1.31,22.91,7.33,0.46,2291,662,504,233,22,3,96,61,149,24,7,36,47,68,5,0,0,0,0,0,0
10.38,13.38,8.86,71.27,14.79,43.25,11.54,4.21,9.09,4.37,1.26,28.43,4.67,0.52,1740,502,398,206,14,3,59,34,102,19,5,14,47,42,1,0,0,0,0,0,0
3.03,4.42,6.1,96.37,9.08,28.39,9.16,2,8.45,4.11,1.15,12.95,9.5,0.46,1012,283,246,112,19,2,38,24,65,12,8,10,35,22,0,0,0,0,0,0,0
7.11,8.46,9.6,72.83,11.11,38.67,10.51,3.64,8.67,4.63,1.39,16.15,16.5,0.4,2469,741,533,215,33,2,120,62,143,25,18,19,51,75,13,0,0,0,0,0,0
6.07,7.61,4.74,92.68,10.98,27.92,8.48,1.11,7.21,3.71,1.07,23.11,4.5,0.52,772,223,208,109,9,2,10,9,32,12,4,10,17,26,0,0,0,0,0,0,0
6.2,9.73,11.3,78.98,12.06,41.04,11.25,4,9.91,4.92,1.32,15.93,15,0.45,2354,631,478,215,30,2,120,68,166,13,9,14,43,64,8,0,0,0,0,0,0
5.27,5.86,8.38,78.35,9.27,30.67,9.35,2.23,8.65,4.54,1.38,11.83,17.5,0.55,1879,570,414,229,35,2,78,47,116,24,11,14,33,55,3,0,0,0,0,0,0
7.7,8.45,10.08,66.87,11.67,41.82,10.98,4.04,9.51,4.73,1.47,15.17,12,0.43,1723,536,364,155,24,2,97,51,118,6,6,26,27,45,2,0,0,0,0,0,0
7.11,7.58,9.1,70.73,10.92,35.27,10.44,3.04,8.15,4.57,1.43,14.96,13,0.44,1778,556,389,171,26,2,79,48,93,14,15,21,32,51,2,0,0,0,0,0,0
5.66,7.12,7.8,83.67,9.49,33.17,9,2.75,8.49,4.32,1.26,16.4,10,0.53,1417,413,328,174,20,2,55,24,84,15,15,23,42,33,1,0,0,0,0,0,0
5.83,6.38,6.81,82.74,10.45,32.76,9.9,2.68,8.02,4.15,1.27,16.54,20.5,0.44,2813,860,678,295,41,2,110,65,153,13,15,26,113,85,4,0,0,0,0,0,0
7.96,9.54,7.51,78.04,12.84,37.43,11.05,3.36,8.46,4.19,1.25,22.48,12.5,0.43,2354,704,562,242,25,2,84,54,132,22,10,26,69,78,2,0,0,0,0,0,0
4.22,4.8,6.9,86.54,8.76,31.07,8.95,2.3,8.32,4.27,1.28,12.21,16.5,0.61,1722,514,403,244,33,2,76,39,104,12,8,15,63,41,1,0,0,0,0,0,0
9.04,10.42,12.81,56.32,13.11,45.99,11.92,4.59,10.88,5.21,1.6,14.62,14.5,0.56,2209,680,424,239,29,2,133,77,175,12,2,15,29,55,4,0,0,0,0,0,0
15.86,18.71,8,54.41,20.6,59.29,14.36,7.5,9.1,4.17,1.31,41,10,0.5,1710,537,410,205,10,1,75,43,89,22,15,21,43,51,3,0,0,0,0,0,0
